DATE,SPOT,FUTURE
12-10-2009,334.395,330.8218
12-11-2009,332.5137,328.961
12/14/2009,334.7776,331.2021
12/15/2009,335.2786,331.6981
12/16/2009,339.4102,335.7859
12/17/2009,330.5194,326.9904
12/18/2009,332.0992,328.5538
12/21/2009,327.2157,323.7234
12/22/2009,325.2493,321.7787
12/23/2009,327.699,324.2028
12/24/2009,331.4002,327.8653
12/28/2009,332.7427,329.196
12/29/2009,328.0886,324.5924
12/30/2009,325.1338,321.6701
12/31/2009,326.1542,322.6807
01-04-2010,334.346,330.7892
01-05-2010,336.3859,332.8081
01-06-2010,342.2711,338.6315
01-07-2010,342.6749,339.0317
01-08-2010,344.4839,340.8222
01-11-2010,348.4454,344.6881
01-12-2010,341.388,337.6601
01/13/2010,344.618,340.7845
01/14/2010,346.5339,342.6434
01/15/2010,342.6587,338.7823
01/18/2010,342.6587,338.7823
01/19/2010,346.5934,342.674
01/20/2010,335.9076,332.1096
01/21/2010,331.9878,328.2346
01/22/2010,326.1496,322.4631
01/25/2010,328.537,324.825
01/26/2010,327.726,324.0237
01/27/2010,322.5811,318.9375
01/28/2010,321.2526,317.6244
01/29/2010,320.9215,317.2976
02-01-2010,327.9579,324.2559
02-02-2010,331.2569,327.5185
02-03-2010,327.8151,324.1165
02-04-2010,312.1424,308.6215
02-05-2010,307.3023,303.8368
02-08-2010,311.5653,308.0333
02-09-2010,315.7674,312.1649
02-10-2010,314.9239,311.3076
02-11-2010,320.476,316.7719
02-12-2010,318.7447,315.0363
02/16/2010,328.8451,325.023
02/17/2010,328.6543,324.8354
02/18/2010,328.1552,324.343
02/19/2010,330.6629,326.8224
02/22/2010,327.718,323.9144
02/23/2010,323.8603,320.1024
02/24/2010,322.7748,319.0304
02/25/2010,326.1218,322.3395
02/26/2010,330.3579,326.5273
03-01-2010,329.9672,326.1439
03-02-2010,337.1558,333.2503
03-03-2010,339.7783,335.8436
03-04-2010,336.7549,332.8564
03-05-2010,338.2412,334.3266
03-08-2010,335.2662,331.333
03-09-2010,335.273,331.284
03-10-2010,330.592,326.6038
03-11-2010,331.3749,327.3215
03-12-2010,329.4342,325.3491
03/15/2010,330.531,326.4364
03/16/2010,335.5255,331.3705
03/17/2010,336.7397,332.5712
03/18/2010,336.9729,332.803
03/19/2010,330.6435,326.5535
03/22/2010,328.3639,324.3066
03/23/2010,329.7524,325.6793
03/24/2010,324.5092,320.5023
03/25/2010,325.9373,321.9141
03/26/2010,329.2645,325.2016
03/29/2010,333.0007,328.8959
03/30/2010,331.43,327.3459
03/31/2010,334.3552,330.2364
04-01-2010,338.7341,334.5627
04-05-2010,341.5734,337.3724
04-06-2010,341.1365,336.9425
04-07-2010,346.2399,341.9848
04-08-2010,345.8613,341.6125
04-09-2010,348.9992,344.685
04-12-2010,349.4075,345.0638
04/13/2010,346.6594,342.3223
04/14/2010,348.8902,344.4992
04/15/2010,349.1685,344.747
04/16/2010,340.2029,335.8964
04/19/2010,340.2357,335.9332
04/20/2010,341.4514,337.1349
04/21/2010,344.8613,340.503
04/22/2010,343.204,338.8681
04/23/2010,346.5142,342.1378
04/26/2010,347.3036,342.9213
04/27/2010,348.0363,343.6462
04/28/2010,350.0997,345.6851
04/29/2010,351.6311,347.1986
04/30/2010,354.5718,350.1037
05-03-2010,356.1444,351.6608
05-04-2010,348.0717,343.6914
05-05-2010,347.8356,343.4598
05-06-2010,352.6958,348.2604
05-07-2010,360.2394,355.7108
05-10-2010,358.6822,354.0994
05-11-2010,366.7717,362.0109
05-12-2010,373.7436,368.8134
05/13/2010,369.9237,364.9673
05/14/2010,368.3363,363.3243
05/17/2010,366.5912,361.6076
05/18/2010,363.691,358.7485
05/19/2010,355.1327,350.308
05/20/2010,352.1529,347.3703
05/21/2010,349.0591,344.32
05/24/2010,354.7633,349.9514
05/25/2010,354.5679,349.7602
05/26/2010,360.6102,355.7222
05/27/2010,361.2122,356.3177
05/28/2010,361.1178,356.2262
06-01-2010,364.4001,359.4706
06-02-2010,362.2766,357.3774
06-03-2010,357.5765,352.7424
06-04-2010,356.1587,351.3453
06-07-2010,365.5626,360.6268
06-08-2010,368.2308,363.22
06-09-2010,363.3598,358.3752
06-10-2010,362.4936,357.4803
06-11-2010,363.7234,358.6523
06/14/2010,363.3917,358.2861
06/15/2010,366.4227,361.2752
06/16/2010,364.8781,359.753
06/17/2010,370.5847,365.38
06/18/2010,374.7421,369.4797
06/21/2010,368.9658,363.7865
06/22/2010,369.4484,364.2635
06/23/2010,365.9225,360.7883
06/24/2010,369.735,364.5484
06/25/2010,373.8845,368.6408
06/28/2010,367.8261,362.6709
06/29/2010,368.2594,363.0998
06/30/2010,369.3983,364.2244
07-01-2010,356.1454,351.1587
07-02-2010,356.0161,351.0328
07-06-2010,353.9,348.9525
07-07-2010,355.4521,350.4845
07-08-2010,354.1964,349.248
07-09-2010,358.4083,353.2298
07-12-2010,355.3433,350.0448
07/13/2010,360.4877,354.9408
07/14/2010,359.398,353.6994
07/15/2010,360.221,354.3355
07/16/2010,352.8919,347.1277
07/19/2010,350.2795,344.5623
07/20/2010,353.177,347.414
07/21/2010,353.7215,347.9511
07/22/2010,356.1349,350.3266
07/23/2010,354.3302,348.5529
07/26/2010,353.7983,348.0342
07/27/2010,345.3585,339.7333
07/28/2010,344.576,338.965
07/29/2010,347.4023,341.7466
07/30/2010,352.1345,346.4032
08-02-2010,354.527,348.7611
08-03-2010,355.0084,349.2361
08-04-2010,356.1617,350.3722
08-05-2010,357.1299,351.3262
08-06-2010,359.2103,353.3743
08-09-2010,357.5274,351.669
08-10-2010,356.1451,350.2565
08-11-2010,355.1999,349.2741
08-12-2010,359.9501,353.8912
08/13/2010,360.2011,354.0849
08/16/2010,363.908,357.7333
08/17/2010,365.2012,359.0061
08/18/2010,364.9098,358.7212
08/19/2010,365.4371,359.2411
08/20/2010,362.2976,356.1564
08/23/2010,362.236,356.1004
08/24/2010,365.2353,359.0504
08/25/2010,370.1782,363.9112
08/26/2010,369.131,362.8832
08/27/2010,369.4328,363.1815
08/30/2010,369.7216,363.4702
08/31/2010,373.9597,367.6381
09-01-2010,373.2779,366.9693
09-02-2010,375.8365,369.4861
09-03-2010,376.6967,370.3332
09-07-2010,378.3452,371.9598
09-08-2010,378.4155,372.0304
09-09-2010,376.1869,369.8408
09-10-2010,375.1599,368.8325
09/13/2010,376.808,370.4569
09/14/2010,383.6641,377.199
09/15/2010,383.6857,377.2216
09/16/2010,385.8087,379.3104
09/17/2010,386.8535,380.339
09/20/2010,387.5223,381.001
09/21/2010,385.2714,378.7896
09/22/2010,391.2801,384.699
09/23/2010,392.9953,386.3871
09/24/2010,394.316,387.6872
09/27/2010,394.7834,388.152
09/28/2010,398.1066,391.421
09/29/2010,399.7637,393.052
09/30/2010,398.9598,392.2632
10-01-2010,401.9646,395.2193
10-04-2010,401.6236,394.8891
10-05-2010,410.3144,403.4357
10-06-2010,413.4732,406.5429
10-07-2010,408.3796,401.5362
10-08-2010,413.2469,406.3233
10-11-2010,416.4764,409.5031
10-12-2010,413.7658,406.8394
10/13/2010,422.9391,415.8606
10/14/2010,427.0064,419.8612
10/15/2010,425.0346,417.9239
10/18/2010,425.6756,418.5585
10/19/2010,414.5221,407.5931
10/20/2010,416.7597,409.7947
10/21/2010,409.0386,402.2043
10/22/2010,408.8236,401.9943
10/25/2010,413.9982,407.087
10/26/2010,415.3472,408.415
10/27/2010,409.6839,402.8477
10/28/2010,416.4364,409.489
10/29/2010,423.2017,416.1429
11-01-2010,421.5872,414.5598
11-02-2010,424.3926,417.3199
11-03-2010,418.1248,411.1581
11-04-2010,436.1881,428.9217
11-05-2010,442.9214,435.5444
11-08-2010,447.7002,440.0866
11-09-2010,456.7234,448.7864
11-10-2010,444.375,436.4799
11-11-2010,448.1434,440.0115
11-12-2010,432.6331,424.6123
11/15/2010,434.0471,426.0045
11/16/2010,423.0757,415.238
11/17/2010,424.1236,416.268
11/18/2010,434.2543,426.2127
11/19/2010,435.8066,427.7378
11/22/2010,438.4244,430.312
11/23/2010,443.3727,435.1704
11/24/2010,442.1107,433.9335
11/26/2010,435.62,427.5662
11/29/2010,438.415,430.3144
11/30/2010,447.5913,439.3234
12-01-2010,449.0751,440.7818
12-02-2010,450.0843,441.7746
12-03-2010,457.299,448.8582
12-06-2010,461.7952,453.278
12-07-2010,460.4258,451.9356
12-08-2010,447.1451,438.9016
12-09-2010,452.0746,443.7421
12-10-2010,449.2701,440.9911
12/13/2010,457.2246,448.8043
12/14/2010,459.4361,450.9768
12/15/2010,452.7666,444.4319
12/16/2010,447.0583,438.8303
12/17/2010,450.6175,442.3257
12/20/2010,453.2493,444.9143
12/21/2010,454.0422,445.6942
12/22/2010,453.6866,445.3468
12/23/2010,451.8716,443.5667
12/27/2010,452.0434,443.7418
12/28/2010,462.3732,453.8841
12/29/2010,466.0143,457.4606
12/30/2010,463.3804,454.8773
12/31/2010,468.9227,460.3203
01-03-2011,470.1866,461.5678
01-04-2011,452.3849,444.0944
01-05-2011,449.7173,441.4776
01-06-2011,448.9166,440.6933
01-07-2011,446.0423,437.8735
01-10-2011,448.3122,439.9155
01-11-2011,453.7082,445.0371
01-12-2011,454.3165,445.5637
01/13/2011,453.5615,444.7631
01/14/2011,443.6023,434.8629
01/18/2011,447.6788,438.8664
01/19/2011,447.7919,438.9791
01/20/2011,436.942,428.3446
01/21/2011,435.4032,426.838
01/24/2011,435.8583,427.2896
01/25/2011,430.9173,422.4476
01/26/2011,432.2836,423.7889
01/27/2011,428.2667,419.8527
01/28/2011,436.9949,428.4113
01/31/2011,436.1254,427.5644
02-01-2011,438.8423,430.2297
02-02-2011,435.9709,427.4165
02-03-2011,442.7932,434.1067
02-04-2011,443.0191,434.33
02-07-2011,443.8681,435.1677
02-08-2011,451.2697,442.4084
02-09-2011,451.6544,442.7685
02-10-2011,450.2544,441.38
02-11-2011,449.3819,440.5084
02/14/2011,452.5623,443.614
02/15/2011,455.4004,446.3976
02/16/2011,455.3651,446.3646
02/17/2011,461.3122,452.1958
02/18/2011,464.7815,455.5981
02/22/2011,470.0001,460.7202
02/23/2011,474.8644,465.4899
02/24/2011,474.8548,465.4819
02/25/2011,472.2884,462.9676
02/28/2011,475.7481,466.3633
03-01-2011,483.29,473.7583
03-02-2011,486.4136,476.8222
03-03-2011,479.2371,469.7891
03-04-2011,485.9643,476.3856
03-07-2011,489.4184,479.7773
03-08-2011,486.9171,477.2539
03-09-2011,489.0297,479.2477
03-10-2011,481.2326,471.5313
03-11-2011,486.7944,476.9034
03/14/2011,487.2851,477.3201
03/15/2011,472.9364,463.2661
03/16/2011,475.0679,465.3552
03/17/2011,476.2943,466.5577
03/18/2011,482.2087,472.3523
03/21/2011,488.2526,478.2762
03/22/2011,489.5652,479.5633
03/23/2011,495.5824,485.4588
03/24/2011,495.464,485.3441
03/25/2011,492.0705,482.0212
03/28/2011,490.6463,480.6299
03/29/2011,489.3277,479.3396
03/30/2011,493.1034,483.0396
03/31/2011,498.2284,488.0612
04-01-2011,494.9147,484.8165
04-04-2011,498.7474,488.575
04-05-2011,506.1438,495.8213
04-06-2011,508.3901,498.0225
04-07-2011,509.1982,498.8148
04-08-2011,516.8006,506.2416
04-11-2011,515.3448,504.7967
04-12-2011,509.7406,499.2864
04/13/2011,510.8968,500.3986
04/14/2011,520.364,509.6492
04/15/2011,527.089,516.2364
04/18/2011,530.2126,519.2978
04/19/2011,534.2551,523.258
04/20/2011,537.2307,526.1732
04/21/2011,544.3552,533.1519
04/22/2011,544.3552,533.1519
04/25/2011,549.7192,538.4091
04/26/2011,540.5974,529.476
04/27/2011,547.3335,536.0745
04/28/2011,556.5782,545.1299
04/29/2011,566.7552,555.0986
05-02-2011,557.6478,546.1815
05-03-2011,540.5779,529.4634
05-04-2011,522.5318,511.789
05-05-2011,502.4761,492.1464
05-06-2011,501.4979,491.189
05-09-2011,511.1999,500.629
05-10-2011,519.7306,508.9192
05-11-2011,504.9728,494.4071
05-12-2011,503.7119,493.1098
05/13/2011,501.2832,490.6744
05/16/2011,497.2851,486.7619
05/17/2011,492.2811,481.8642
05/18/2011,502.1657,491.54
05/19/2011,500.6856,490.0916
05/20/2011,505.3397,494.6477
05/23/2011,506.2822,495.5715
05/24/2011,512.7409,501.8943
05/25/2011,519.1995,508.2171
05/26/2011,517.0275,506.0918
05/27/2011,522.3797,511.3316
05/31/2011,523.8865,512.8096
06-01-2011,523.2246,512.1625
06-02-2011,515.1048,504.2153
06-03-2011,517.4786,506.5398
06-06-2011,520.8545,509.8468
06-07-2011,521.0323,510.0215
06-08-2011,518.1579,507.1919
06-09-2011,522.1377,511.0714
06-10-2011,514.7437,503.8183
06/13/2011,505.4655,494.7234
06/14/2011,510.164,499.3169
06/15/2011,510.6046,499.7488
06/16/2011,512.0829,501.1963
06/17/2011,515.0629,504.1137
06/20/2011,516.9842,505.9963
06/21/2011,519.2197,508.1848
06/22/2011,522.2944,511.1946
06/23/2011,507.6912,496.9022
06/24/2011,501.4619,490.8058
06/27/2011,496.4557,485.9074
06/28/2011,497.6045,487.0322
06/29/2011,504.2657,493.5521
06/30/2011,502.6065,491.9285
07-01-2011,493.4193,482.9369
07-05-2011,507.2038,496.4299
07-06-2011,513.1782,502.2777
07-07-2011,515.8147,504.8586
07-08-2011,518.5786,507.5641
07-11-2011,517.4563,506.3646
07-12-2011,520.5854,509.3241
07/13/2011,535.7386,524.0448
07/14/2011,538.7681,526.9106
07/15/2011,540.4531,528.4663
07/18/2011,548.2302,536.0722
07/19/2011,547.4601,535.3194
07/20/2011,543.9928,531.9293
07/21/2011,539.2737,527.3151
07/22/2011,547.2441,535.1091
07/25/2011,550.7894,538.5767
07/26/2011,553.2528,540.9863
07/27/2011,552.2752,540.0313
07/28/2011,549.1449,536.9714
07/29/2011,554.03,541.749
08-01-2011,548.724,536.5634
08-02-2011,557.2888,544.9401
08-03-2011,568.8634,556.2599
08-04-2011,558.4585,546.0874
08-05-2011,552.164,539.934
08-08-2011,571.7855,559.1037
08-09-2011,573.7055,560.9579
08-10-2011,589.3404,576.2201
08-11-2011,578.7737,565.8646
08-12-2011,578.2191,565.2979
08/15/2011,582.7535,569.733
08/16/2011,591.3598,578.1477
08/17/2011,595.5062,582.2019
08/18/2011,603.7728,590.2844
08/19/2011,617.7519,603.9518
08/22/2011,630.9476,616.8545
08/23/2011,619.5114,605.6739
08/24/2011,582.0773,569.0763
08/25/2011,589.4212,576.2564
08/26/2011,598.6766,585.3053
08/29/2011,595.7816,582.4757
08/30/2011,608.4748,594.8856
08/31/2011,610.0696,596.4451
09-01-2011,608.5515,594.9611
09-02-2011,626.1216,612.1391
09-06-2011,620.7932,606.9307
09-07-2011,606.0544,592.5215
09-08-2011,619.3036,605.4754
09-09-2011,616.4578,602.6936
09-12-2011,599.7657,586.3758
09/13/2011,607.5493,593.9857
09/14/2011,604.2175,590.7285
09/15/2011,589.1832,576.0299
09/16/2011,602.3802,588.9325
09/19/2011,587.3135,574.2027
09/20/2011,598.4251,585.0663
09/21/2011,599.4014,586.0211
09/22/2011,568.5142,555.8235
09/23/2011,519.247,507.6562
09/26/2011,507.5849,496.2548
09/27/2011,527.704,515.9252
09/28/2011,513.9675,502.4956
09/29/2011,515.2003,503.7011
09/30/2011,514.8247,503.3342
10-03-2011,526.2637,514.5187
10-04-2011,512.3561,500.9218
10-05-2011,520.6214,509.0029
10-06-2011,529.6091,517.7903
10-07-2011,521.5433,509.9048
10-10-2011,533.8976,521.9843
10-11-2011,531.5248,519.6646
10-12-2011,539.8204,527.7754
10/13/2011,532.17,520.2959
10/14/2011,537.6466,525.6505
10/17/2011,534.7545,522.8236
10/18/2011,528.8674,517.0683
10/19/2011,525.3792,513.6584
10/20/2011,513.2157,501.7666
10/21/2011,522.3561,510.7036
10/24/2011,528.0528,516.2745
10/25/2011,545.2215,533.0605
10/26/2011,551.9235,539.6132
10/27/2011,564.5973,552.0047
10/28/2011,565.1224,552.5184
10/31/2011,556.1995,543.7954
11-01-2011,546.8744,534.6785
11-02-2011,555.7779,543.3835
11-03-2011,566.6623,554.0254
11-04-2011,562.8943,550.3415
11-07-2011,574.3518,561.544
11-08-2011,577.7376,564.6955
11-09-2011,573.0947,559.9926
11-10-2011,564.3446,551.2781
11-11-2011,573.7678,560.3184
11/14/2011,569.0967,555.5873
11/15/2011,571.6443,558.0745
11/16/2011,567.3704,553.9022
11/17/2011,545.3489,532.4036
11/18/2011,549.9887,536.9335
11/21/2011,533.6593,520.992
11/22/2011,546.4135,533.4437
11/23/2011,540.808,527.9715
11/25/2011,535.0261,522.3273
11/28/2011,545.7418,532.7893
11/29/2011,545.7594,532.8069
11/30/2011,556.7268,543.5145
12-01-2011,553.9472,540.8013
12-02-2011,556.5402,543.3333
12-05-2011,551.1997,538.1209
12-06-2011,551.9006,538.8051
12-07-2011,554.7046,541.5427
12-08-2011,542.8699,529.9889
12-09-2011,546.3549,533.3913
12-12-2011,529.6412,517.0743
12/13/2011,529.3239,516.7647
12/14/2011,501.7767,489.8713
12/15/2011,500.6133,488.7357
12/16/2011,507.2309,495.1963
12/19/2011,503.9908,492.0336
12/20/2011,511.6361,499.4976
12/21/2011,509.5813,497.4916
12/22/2011,508.0891,496.0349
12/23/2011,507.0807,495.0504
12/27/2011,503.1976,491.2598
12/28/2011,489.824,478.2038
12/29/2011,484.3483,472.8583
12/30/2011,493.0093,481.3141
01-03-2012,507.5127,495.4748
01-04-2012,508.7963,496.7282
01-05-2012,511.3727,499.2437
01-06-2012,508.289,496.2333
01-09-2012,506.4889,494.4765
01-10-2012,477.821,503.9114
01-11-2012,518.7818,506.1521
01-12-2012,521.8549,508.9713
01/13/2012,515.5209,502.6197
01/17/2012,524.1561,510.8781
01/18/2012,526.7792,513.435
01/19/2012,525.3229,512.016
01/20/2012,532.2302,518.7487
01/23/2012,538.059,524.431
01/24/2012,533.5491,520.0359
01/25/2012,546.7505,532.9035
01/26/2012,555.7728,541.6979
01/27/2012,557.3043,543.1912
01/30/2012,556.0319,541.9529
01/31/2012,556.4673,542.378
02-01-2012,560.8264,546.6275
02-02-2012,564.6657,550.3703
02-03-2012,558.3451,544.2105
02-06-2012,554.5747,540.5378
02-07-2012,562.0685,547.8431
02-08-2012,556.0128,541.8937
02-09-2012,559.3219,545.0717
02-10-2012,554.2525,540.0844
02/13/2012,554.6653,540.4416
02/14/2012,551.4899,537.3005
02/15/2012,554.2809,540.0212
02/16/2012,554.2099,539.9534
02/17/2012,552.9917,538.768
02/21/2012,565.7391,551.1932
02/22/2012,568.2043,553.5963
02/23/2012,576.9897,562.1572
02/24/2012,573.7197,558.9725
02/27/2012,574.0708,559.3186
02/28/2012,583.6331,568.6369
02/29/2012,554.7258,540.4742
03-01-2012,561.3776,546.9568
03-02-2012,553.9012,539.6742
03-05-2012,549.2131,535.1118
03-06-2012,537.8571,524.0485
03-07-2012,543.8818,529.9197
03-08-2012,548.6072,534.3901
03-09-2012,553.3697,538.8956
03-12-2012,547.4891,533.0402
03/13/2012,546.9003,532.3444
03/14/2012,528.9374,514.741
03/15/2012,535.1101,520.7494
03/16/2012,533.7268,519.4046
03/19/2012,537.9408,523.5096
03/20/2012,528.5869,514.408
03/21/2012,530.9307,516.6904
03/22/2012,525.5739,511.4786
03/23/2012,534.0965,519.774
03/26/2012,541.6741,527.1524
03/27/2012,541.0281,526.525
03/28/2012,531.2956,517.0546
03/29/2012,530.552,516.3322
03/30/2012,536.6402,522.2585
04-02-2012,540.9502,526.4567
04-03-2012,539.7154,525.256
04-04-2012,516.8496,503.0039
04-05-2012,523.4505,509.4291
04-09-2012,526.028,511.9418
04-10-2012,530.8001,516.5397
04-11-2012,530.1341,515.845
04-12-2012,539.0849,524.5071
04/13/2012,529.6994,515.3281
04/16/2012,527.1175,512.7714
04/17/2012,528.6402,514.2539
04/18/2012,525.0874,510.7989
04/19/2012,526.677,512.3463
04/20/2012,526.524,512.1987
04/23/2012,519.6454,505.5106
04/24/2012,523.2341,509.0028
04/25/2012,521.3431,507.1644
04/26/2012,529.1277,514.7384
04/27/2012,530.7088,516.2777
04/30/2012,529.0189,514.6371
05-01-2012,528.2418,513.8825
05-02-2012,525.0699,510.7982
05-03-2012,517.8839,503.8089
05-04-2012,522.0811,507.8934
05-07-2012,519.3752,505.265
05-08-2012,508.4184,494.4997
05-09-2012,505.1552,491.2182
05-10-2012,505.3405,491.29
05-11-2012,501.5098,487.4583
05/14/2012,493.8635,479.922
05/15/2012,491.8413,477.9582
05/16/2012,483.3396,469.6977
05/17/2012,495.9695,481.9723
05/18/2012,502.8751,488.6844
05/21/2012,500.5518,486.4305
05/22/2012,497.0072,482.987
05/23/2012,487.5178,473.7665
05/24/2012,492.2647,478.3805
05/25/2012,495.9531,481.9661
05/29/2012,488.6783,474.901
05/30/2012,493.031,479.1321
05/31/2012,491.7806,477.9181
06-01-2012,508.92,494.5755
06-04-2012,504.9377,490.709
06-05-2012,507.2276,492.9353
06-06-2012,515.6979,501.1679
06-07-2012,500.6291,486.5248
06-08-2012,501.2811,487.1154
06-11-2012,503.2209,488.9592
06-12-2012,508.7451,494.2812
06/13/2012,510.1402,495.5883
06/14/2012,508.151,493.6072
06/15/2012,511.535,496.8954
06/18/2012,510.9998,496.3791
06/19/2012,508.881,494.3222
06/20/2012,507.1455,492.6377
06/21/2012,488.7516,474.7713
06/22/2012,488.4073,474.438
06/25/2012,497.0475,482.8349
06/26/2012,491.8484,477.7857
06/27/2012,492.3038,478.2294
06/28/2012,482.6721,468.8743
06/29/2012,501.0175,486.6965
07-02-2012,498.9831,484.7241
07-03-2012,507.9402,493.4266
07-05-2012,502.5263,488.1701
07-06-2012,492.1139,478.0565
07-09-2012,496.6605,482.4773
07-10-2012,492.4164,478.1385
07-11-2012,492.2025,477.7085
07-12-2012,490.4133,475.7457
07/13/2012,498.0194,482.8987
07/16/2012,497.9447,482.6019
07/17/2012,497.4105,482.0854
07/18/2012,491.9642,476.8082
07/19/2012,494.7935,479.5516
07/20/2012,495.6892,480.421
07/23/2012,493.3502,478.1578
07/24/2012,492.1538,476.9995
07/25/2012,502.5304,487.0579
07/26/2012,504.1924,488.67
07/27/2012,505.1062,489.557
07/30/2012,507.5146,491.8951
07/31/2012,504.746,489.2132
08-01-2012,501.4765,486.0458
08-02-2012,495.2988,480.0597
08-03-2012,503.0057,487.5309
08-06-2012,504.9389,489.4092
08-07-2012,504.9767,489.4471
08-08-2012,505.7829,490.1684
08-09-2012,506.963,491.2505
08-10-2012,507.5307,491.7391
08/13/2012,503.9441,488.2051
08/14/2012,501.4943,485.77
08/15/2012,502.715,486.954
08/16/2012,507.3733,491.4677
08/17/2012,506.5982,490.7183
08/20/2012,509.789,493.8136
08/21/2012,517.9316,501.7026
08/22/2012,517.8395,501.6148
08/23/2012,529.2751,512.6935
08/24/2012,529.9519,513.3507
08/27/2012,532.2855,515.6156
08/28/2012,530.1598,513.558
08/29/2012,528.3576,511.8137
08/30/2012,525.0523,508.6134
08/31/2012,536.4178,519.6246
09-04-2012,542.2615,525.2914
09-05-2012,541.4511,524.5078
09-06-2012,545.6416,528.5687
09-07-2012,558.1636,540.7003
09-10-2012,555.8088,538.4237
09-11-2012,556.3068,538.9076
09-12-2012,554.9425,537.5874
09/13/2012,570.1581,552.3287
09/14/2012,569.8286,552.0111
09/17/2012,568.1851,550.4235
09/18/2012,569.7032,551.8958
09/19/2012,569.3179,551.5242
09/20/2012,569.3175,551.5253
09/21/2012,571.0572,553.2123
09/24/2012,565.2185,547.5609
09/25/2012,565.5191,547.8537
09/26/2012,562.3508,544.7861
09/27/2012,571.7793,553.9218
09/28/2012,569.8141,552.0197
10-01-2012,573.5827,555.6756
10-02-2012,570.5901,552.7778
10-03-2012,571.7015,553.8558
10-04-2012,577.3998,559.3775
10-05-2012,571.4857,553.6493
10-08-2012,568.0679,550.3421
10-09-2012,565.3205,547.6817
10-10-2012,565.8293,548.1762
10-11-2012,567.0718,549.3815
10-12-2012,562.7872,545.2321
10/15/2012,553.7538,536.485
10/16/2012,556.7298,539.3697
10/17/2012,559.4382,541.9952
10/18/2012,555.9822,538.6486
10/19/2012,547.8973,530.8174
10/22/2012,549.0665,531.9547
10/23/2012,543.1317,526.2063
10/24/2012,540.5443,523.701
10/25/2012,545.1272,528.1426
10/26/2012,544.6936,527.7239
10/29/2012,542.7726,525.8672
10/30/2012,543.8832,526.9451
10/31/2012,547.5519,530.5013
11-01-2012,546.404,529.391
11-02-2012,531.0937,514.5593
11-05-2012,534.1129,517.4899
11-06-2012,545.4455,528.4713
11-07-2012,543.7435,526.8237
11-08-2012,549.1221,531.8707
11-09-2012,551.9076,534.3989
11-12-2012,551.7859,534.1124
11/13/2012,550.3334,532.535
11/14/2012,553.3711,535.3018
11/15/2012,548.547,530.6369
11/16/2012,547.5439,529.668
11/19/2012,555.6074,537.4729
11/20/2012,551.9566,533.9426
11/21/2012,554.7569,536.6528
11/23/2012,563.4388,545.0541
11/26/2012,563.0875,544.7183
11/27/2012,560.7175,542.4271
11/28/2012,553.1578,535.1156
11/29/2012,558.3622,540.1517
11/30/2012,549.7449,531.817
12-03-2012,553.6786,535.6268
12-04-2012,543.7633,526.0361
12-05-2012,543.8551,526.1262
12-06-2012,546.429,528.6176
12-07-2012,547.4022,529.5604
12-10-2012,550.5444,532.6041
12-11-2012,547.9618,530.107
12-12-2012,552.9841,534.967
12/13/2012,542.2389,524.5732
12/14/2012,542.0691,524.4103
12/17/2012,542.289,524.627
12/18/2012,533.1626,515.7984
12/19/2012,530.2673,512.9979
12/20/2012,519.3075,502.3956
12/21/2012,524.8384,507.7469
12/24/2012,523.4961,506.45
12/26/2012,524.3292,507.2572
12/27/2012,525.8652,508.7443
12/28/2012,522.9184,505.8947
12/31/2012,528.7799,511.569
01-02-2013,535.0128,517.6014
01-03-2013,530.4115,513.151
01-04-2013,521.0896,504.1334
01-07-2013,520.9836,504.034
01-08-2013,526.3764,509.2523
01-09-2013,523.9929,506.8401
01-10-2013,532.2929,514.7748
01-11-2013,526.0952,508.6466
01/14/2013,531.3999,513.6776
01/15/2013,536.9032,518.818
01/16/2013,536.7767,518.6968
01/17/2013,539.7741,521.5943
01/18/2013,539.4497,521.2819
01/22/2013,542.0158,523.766
01/23/2013,541.7054,523.4671
01/24/2013,534.5082,516.5133
01/25/2013,529.0472,511.2373
01/28/2013,526.2092,508.498
01/29/2013,529.8536,512.0208
01/30/2013,538.8053,520.6723
01/31/2013,530.4568,512.6058
02-01-2013,535.2417,517.2308
02-04-2013,535.481,517.4653
02-05-2013,535.5357,517.5191
02-06-2013,536.7779,518.7205
02-07-2013,532.8589,514.9343
02-08-2013,532.0655,514.1147
02-11-2013,525.5448,507.7635
02-12-2013,526.217,508.3601
02/13/2013,524.5454,506.6925
02/14/2013,519.9984,502.2462
02/15/2013,511.6287,494.1634
02/19/2013,508.4372,491.0854
02/20/2013,498.6678,481.6511
02/21/2013,499.1744,482.1418
02/22/2013,496.7196,479.7724
02/25/2013,502.3473,485.2127
02/26/2013,510.323,492.918
02/27/2013,504.18,486.9863
02/28/2013,497.549,480.583
03-01-2013,496.4657,479.5384
03-04-2013,496.5165,479.5924
03-05-2013,497.5934,480.6341
03-06-2013,498.5062,481.5173
03-07-2013,498.5757,481.5858
03-08-2013,499.7297,482.6119
03-11-2013,499.6522,482.4517
03-12-2013,504.3957,486.938
03/13/2013,502.7487,485.2552
03/14/2013,502.6889,485.1045
03/15/2013,503.3328,485.7271
03/18/2013,506.2067,488.5044
03/19/2013,507.6233,489.8725
03/20/2013,506.5967,488.883
03/21/2013,509.8741,492.047
03/22/2013,505.7252,488.0443
03/25/2013,505.9128,488.2289
03/26/2013,503.1487,485.5624
03/27/2013,505.1446,487.4895
03/28/2013,501.1436,483.6293
04-01-2013,500.6149,483.1232
04-02-2013,491.6064,474.4304
04-03-2013,484.3265,467.4059
04-04-2013,483.933,467.0271
04-05-2013,491.4779,474.3094
04-08-2013,490.3695,473.1871
04-09-2013,497.1435,479.6671
04-10-2013,489.6647,472.3945
04-11-2013,491.3489,473.9625
04-12-2013,470.3526,453.6541
04/15/2013,423.9888,408.9388
04/16/2013,431.3275,416.0175
04/17/2013,428.7754,413.5567
04/18/2013,430.7985,415.5086
04/19/2013,430.2216,414.9529
04/22/2013,437.8469,422.3094
04/23/2013,432.632,417.2802
04/24/2013,436.1535,420.6773
04/25/2013,451.045,435.0409
04/26/2013,447.2836,431.4136
04/29/2013,452.2279,436.1843
04/30/2013,453.4084,437.3236
05-01-2013,443.5209,427.7873
05-02-2013,450.7332,434.7445
05-03-2013,450.7862,434.7962
05-06-2013,451.3996,435.3897
05-07-2013,446.2494,430.4226
05-08-2013,452.6717,436.5448
05-09-2013,451.4677,435.3125
05-10-2013,442.9138,427.0036
05/13/2013,442.6135,426.6572
05/14/2013,438.94,423.0589
05/15/2013,429.0491,413.5264
05/16/2013,426.8901,411.446
05/17/2013,420.3172,405.1114
05/20/2013,425.8855,410.4798
05/21/2013,423.7675,408.4389
05/22/2013,421.426,406.1826
05/23/2013,427.2676,411.8135
05/24/2013,425.9796,410.5725
05/28/2013,422.7751,407.486
05/29/2013,426.7827,411.3492
05/30/2013,432.5692,416.9269
05/31/2013,426.0987,410.6909
06-03-2013,432.6881,417.0436
06-04-2013,427.8372,412.3686
06-05-2013,428.4286,412.9391
06-06-2013,433.5312,417.8578
06-07-2013,421.4788,406.2416
06-10-2013,423.0574,407.7212
06-11-2013,419.7298,404.4708
06-12-2013,423.9533,408.4967
06/13/2013,419.7076,404.3626
06/14/2013,423.7324,408.1988
06/17/2013,421.7865,406.3257
06/18/2013,417.6461,402.3376
06/19/2013,419.0548,403.6951
06/20/2013,390.3448,376.038
06/21/2013,392.3179,377.9393
06/24/2013,386.659,372.4892
06/25/2013,386.3267,372.1697
06/26/2013,371.4809,357.8685
06/27/2013,366.9716,353.525
06/28/2013,373.9927,360.2894
07-01-2013,381.9327,367.9403
07-02-2013,377.8373,363.9955
07-03-2013,381.6082,367.6288
07-05-2013,368.0669,354.5845
07-08-2013,374.6168,360.896
07-09-2013,377.7416,363.8029
07-10-2013,378.3121,364.2496
07-11-2013,389.5896,375.0069
07-12-2013,388.3814,373.7506
07/15/2013,390.0394,375.2576
07/16/2013,392.0152,377.159
07/17/2013,386.5821,371.9322
07/18/2013,387.9986,373.2954
07/19/2013,390.3017,375.5117
07/22/2013,405.1868,389.834
07/23/2013,403.5286,388.239
07/24/2013,398.9424,383.8269
07/25/2013,401.7439,386.5226
07/26/2013,398.219,383.1317
07/29/2013,400.437,385.2667
07/30/2013,398.4763,383.3807
07/31/2013,395.4926,380.5103
08-01-2013,395.0555,380.0901
08-02-2013,396.2136,381.2047
08-05-2013,393.4485,378.5453
08-06-2013,387.9153,373.222
08-07-2013,388.4979,373.783
08-08-2013,397.4097,382.3134
08-09-2013,398.975,383.7745
08-12-2013,408.424,392.8179
08/13/2013,405.3019,389.7675
08/14/2013,410.3708,394.5944
08/15/2013,422.0342,405.8101
08/16/2013,426.159,409.7769
08/19/2013,424.2058,407.9007
08/20/2013,425.3662,409.017
08/21/2013,424.2846,407.9776
08/22/2013,424.7731,408.4479
08/23/2013,433.8046,417.1328
08/26/2013,434.4332,417.7391
08/27/2013,443.6964,426.6467
08/28/2013,442.1735,425.1829
08/29/2013,439.4295,422.5447
08/30/2013,432.6451,416.0215
09-03-2013,440.5457,423.6204
09-04-2013,430.7765,414.2268
09-05-2013,426.0876,409.7184
09-06-2013,432.1455,415.544
09-09-2013,431.394,414.8223
09-10-2013,422.8976,406.6525
09-11-2013,423.5666,407.2961
09-12-2013,411.1505,395.3571
09/13/2013,404.0645,388.5436
09/16/2013,407.5305,391.877
09/17/2013,404.5442,389.0056
09/18/2013,403.1163,387.6327
09/19/2013,425.3965,409.0572
09/20/2013,410.5742,394.8043
09/23/2013,408.9736,393.2655
09/24/2013,405.2413,389.6768
09/25/2013,411.2469,395.452
09/26/2013,407.8815,392.216
09/27/2013,411.6926,395.881
09/30/2013,408.2902,392.6099
10-01-2013,396.3302,381.1093
10-02-2013,407.6914,392.0343
10-03-2013,406.4611,390.8513
10-04-2013,404.5137,388.9789
10-07-2013,410.958,395.176
10-08-2013,411.1031,395.3159
10-09-2013,404.5232,388.9891
10-10-2013,402.1499,386.7073
10-11-2013,392.5512,377.4775
10/14/2013,394.9411,379.7768
10/15/2013,393.4025,378.2976
10/16/2013,396.3177,381.1022
10/17/2013,408.4558,392.7758
10/18/2013,406.3457,390.748
10/21/2013,408.299,392.6306
10/22/2013,416.8823,400.885
10/23/2013,414.0881,398.1983
10/24/2013,418.8205,402.7495
10/25/2013,418.4929,402.4349
10/28/2013,417.9599,401.9235
10/29/2013,416.1901,400.2222
10/30/2013,419.3263,403.2385
10/31/2013,408.2517,392.5893
11-01-2013,405.6714,390.1084
11-04-2013,405.3919,389.8412
11-05-2013,403.5629,388.0829
11-06-2013,406.425,390.8358
11-07-2013,403.7523,388.2661
11-08-2013,396.737,381.4279
11-11-2013,395.8702,380.4961
11-12-2013,391.3588,376.0594
11/13/2013,389.2568,373.9398
11/14/2013,394.7701,379.1379
11/15/2013,395.0165,379.3754
11/18/2013,389.7835,374.3519
11/19/2013,389.948,374.5108
11/20/2013,385.0852,369.8413
11/21/2013,381.1061,366.0205
11/22/2013,380.8319,365.758
11/25/2013,380.2486,365.2002
11/26/2013,380.074,365.0333
11/27/2013,378.2686,363.3002
11/29/2013,382.7867,367.6411
12-02-2013,372.7437,357.998
12-03-2013,371.4603,356.7662
12-04-2013,381.1111,366.0359
12-05-2013,376.359,361.4726
12-06-2013,375.4688,360.6183
12-09-2013,377.495,362.5666
12-10-2013,386.5694,371.2829
12-11-2013,385.8502,370.5928
12-12-2013,374.1939,359.3981
12/13/2013,377.1431,362.2315
12/16/2013,381.7027,366.6129
12/17/2013,377.1787,362.2684
12/18/2013,379.3232,364.3288
12/19/2013,365.6874,351.2327
12/20/2013,369.2618,354.6664
12/23/2013,367.5196,352.995
12/24/2013,369.3109,354.7162
12/26/2013,373.3862,358.6318
12/27/2013,374.3918,359.5983
12/30/2013,370.0281,355.4092
12/31/2013,368.5554,353.9953
01-02-2014,377.3598,362.4531
01-03-2014,380.8579,365.8137
01-06-2014,380.2229,365.2058
01-07-2014,376.8193,361.9372
01-08-2014,374.7279,359.929
01-09-2014,376.3093,361.4386
01-10-2014,382.926,367.7907
01/13/2014,384.726,369.4858
01/14/2014,382.9594,367.7369
01/15/2014,380.6397,365.4635
01/16/2014,380.6431,365.467
01/17/2014,384.5392,369.2082
01/21/2014,380.033,364.883
01/22/2014,379.1329,364.0192
01/23/2014,385.3599,369.9983
01/24/2014,384.5781,369.2481
01/27/2014,384.4935,369.1679
01/28/2014,380.103,364.953
01/29/2014,382.9878,367.7233
01/30/2014,376.4022,361.4008
01/31/2014,375.7632,360.7878
02-03-2014,381.7496,366.5373
02-04-2014,379.8533,364.7169
02-05-2014,383.0657,367.8017
02-06-2014,383.7522,368.4613
02-07-2014,385.0777,369.7344
02-10-2014,388.6643,373.1413
02-11-2014,392.3137,376.6069
02-12-2014,394.4563,378.6269
02/13/2014,395.9122,379.9924
02/14/2014,405.2854,388.956
02/18/2014,408.9933,392.5186
02/19/2014,407.8397,391.4121
02/20/2014,406.2153,389.8537
02/21/2014,408.2192,391.7773
02/24/2014,412.8448,396.2183
02/25/2014,413.4618,396.811
02/26/2014,406.5647,390.1921
02/27/2014,407.7385,391.3192
02/28/2014,404.8801,388.5763
03-03-2014,412.5792,395.9669
03-04-2014,408.4599,392.014
03-05-2014,409.2476,392.7705
03-06-2014,413.3653,396.7229
03-07-2014,407.0483,390.6608
03-10-2014,407.7153,391.2896
03-11-2014,408.4234,391.9567
03-12-2014,416.5221,399.7162
03/13/2014,416.1545,399.3554
03/14/2014,418.7336,401.8221
03/17/2014,416.6637,399.8376
03/18/2014,411.4289,394.8147
03/19/2014,407.2791,390.8331
03/20/2014,402.8514,386.5846
03/21/2014,403.4427,387.1526
03/24/2014,396.6054,380.593
03/25/2014,396.2302,380.2335
03/26/2014,393.425,377.5421
03/27/2014,391.1236,375.3341
03/28/2014,391.4234,375.6223
03/31/2014,388.8646,373.1684
04-01-2014,387.6857,372.0375
04-02-2014,391.9424,376.1229
04-03-2014,389.3117,373.5988
04-04-2014,394.2828,378.3698
04-07-2014,392.9141,377.0577
04-08-2014,396.1383,380.1141
04-09-2014,394.0049,378.0347
04-10-2014,398.9483,382.7458
04-11-2014,397.9107,381.7179
04/14/2014,400.1826,383.8663
04/15/2014,391.4178,375.4592
04/16/2014,392.869,376.8516
04/17/2014,390.5231,374.6018
04/21/2014,388.0577,372.2383
04/22/2014,386.4243,370.6718
04/23/2014,387.611,371.8104
04/24/2014,390.2067,374.3006
04/25/2014,392.5268,376.5265
04/28/2014,391.6228,375.6603
04/29/2014,390.6064,374.6855
04/30/2014,388.6847,372.8424
05-01-2014,385.207,369.5066
05-02-2014,392.1349,376.1523
05-05-2014,393.7038,377.6579
05-06-2014,393.9183,377.8639
05-07-2014,387.9516,372.1407
05-08-2014,386.6726,370.8968
05-09-2014,386.5736,370.7848
05-12-2014,390.5459,374.5825
05/13/2014,390.3676,374.4031
05/14/2014,394.0312,377.9041
05/15/2014,389.7936,373.8401
05/16/2014,388.946,373.0275
05/19/2014,389.157,373.2306
05/20/2014,389.5688,373.6259
05/21/2014,387.7962,371.9261
05/22/2014,390.2678,374.2968
05/23/2014,389.0105,373.0912
05/27/2014,381.3366,365.7324
05/28/2014,379.9435,364.3965
05/29/2014,379.1308,363.6174
05/30/2014,374.9574,359.6151
06-02-2014,374.7932,359.4585
06-03-2014,375.0267,359.6828
06-04-2014,375.1275,359.7798
06-05-2014,378.6211,363.1308
06-06-2014,377.9778,362.5142
06-09-2014,378.7131,363.1818
06-10-2014,380.6666,365.0148
06-11-2014,380.974,365.2694
06-12-2014,385.7139,369.7742
06/13/2014,386.4107,370.4039
06/16/2014,386.9832,370.9537
06/17/2014,386.3246,370.3228
06/18/2014,386.7089,370.6915
06/19/2014,400.4266,383.8414
06/20/2014,402.5098,385.8387
06/23/2014,402.7647,386.0842
06/24/2014,404.0879,387.3528
06/25/2014,404.7533,387.991
06/26/2014,403.4453,386.7374
06/27/2014,403.9809,387.2511
06/30/2014,404.0394,387.308
07-01-2014,405.3836,388.5969
07-02-2014,407.284,390.4191
07-03-2014,404.1313,387.3973
07-07-2014,402.7006,386.0277
07-08-2014,402.5829,385.9151
07-09-2014,404.6861,387.8794
07-10-2014,410.3183,393.2123
07-11-2014,409.7526,392.6101
07/14/2014,400.1275,383.3254
07/15/2014,397.9002,381.1317
07/16/2014,397.9579,381.1873
07/17/2014,403.6427,386.6327
07/18/2014,400.7037,383.8179
07/21/2014,402.3523,385.3979
07/22/2014,400.6411,383.759
07/23/2014,400.2374,383.3726
07/24/2014,394.2074,377.5969
07/25/2014,398.1605,381.3837
07/28/2014,397.9261,381.16
07/29/2014,396.8115,380.0927
07/30/2014,396.0702,379.3829
07/31/2014,391.96,375.4462
08-01-2014,394.4595,377.8407
08-04-2014,392.4348,375.9022
08-05-2014,389.6104,373.1971
08-06-2014,395.7351,379.064
08-07-2014,396.5336,379.8292
08-08-2014,396.0152,379.2665
08-11-2014,396.7438,379.9013
08-12-2014,395.8737,379.0051
08/13/2014,396.5126,379.5543
08/14/2014,397.1596,380.1122
08/15/2014,393.1004,376.2276
08/18/2014,392.098,375.2691
08/19/2014,390.3847,373.6296
08/20/2014,390.5043,373.7445
08/21/2014,385.6371,369.0865
08/22/2014,386.5786,369.9878
08/25/2014,386.1446,369.5734
08/26/2014,387.706,371.0681
08/27/2014,387.3807,370.757
08/28/2014,389.6333,372.9133
08/29/2014,388.3681,371.7028
09-02-2014,381.6065,365.2325
09-03-2014,382.9877,366.5547
09-04-2014,381.8743,365.4893
09-05-2014,382.1452,365.7489
09-08-2014,378.2327,362.005
09-09-2014,376.7186,360.5561
09-10-2014,376.0272,359.8946
09-11-2014,372.9613,356.9604
09-12-2014,371.3054,355.3757
09/15/2014,372.1876,356.2206
09/16/2014,373.0566,357.0525
09/17/2014,372.9416,356.9426
09/18/2014,369.8204,353.9554
09/19/2014,364.1116,348.4917
09/22/2014,364.0525,348.4356
09/23/2014,365.0022,349.3446
09/24/2014,364.051,348.4343
09/25/2014,363.2638,347.681
09/26/2014,362.2963,346.7551
09/29/2014,363.2139,347.6336
09/30/2014,359.0243,343.6239
10-01-2014,360.9201,345.4385
10-02-2014,359.7632,344.3313
10-03-2014,353.6454,338.4761
10-06-2014,358.9,343.5058
10-07-2014,360.1255,344.6788
10-08-2014,357.7968,342.4501
10-09-2014,363.9299,348.3203
10-10-2014,362.5395,346.9897
10/13/2014,364.6224,348.9837
10/14/2014,365.8838,350.1911
10/15/2014,368.5583,352.7511
10/16/2014,367.6107,351.8442
10/17/2014,366.5813,350.859
10/20/2014,367.9823,352.2002
10/21/2014,370.5419,354.6502
10/22/2014,367.5438,351.7809
10/23/2014,363.4785,347.8902
10/24/2014,364.2081,348.5887
10/27/2014,363.5387,347.9486
10/28/2014,363.8883,348.2834
10/29/2014,363.0648,347.4954
10/30/2014,352.8878,337.755
10/31/2014,345.2198,330.416
11-03-2014,345.2919,330.4856
11-04-2014,343.5705,328.8382
11-05-2014,336.0236,321.615
11-06-2014,335.1937,320.821
11-07-2014,342.8415,328.141
11-10-2014,340.4642,325.7821
11-11-2014,341.3239,326.5149
11-12-2014,340.224,325.3692
11/13/2014,340.8476,325.8849
11/14/2014,349.8326,334.3909
11/17/2014,348.0935,332.7293
11/18/2014,351.7263,336.202
11/19/2014,351.6337,336.1137
11/20/2014,350.1447,334.6907
11/21/2014,353.039,337.4574
11/24/2014,352.5123,336.9548
11/25/2014,353.6685,338.0601
11/26/2014,353.5757,337.9715
11/28/2014,343.3318,328.1801
12-01-2014,358.6534,342.8261
12-02-2014,353.2494,337.6608
12-03-2014,355.125,339.4539
12-04-2014,355.7197,340.0226
12-05-2014,350.2237,334.7694
12-08-2014,351.329,335.8266
12-09-2014,364.0117,347.9498
12-10-2014,363.6921,347.6446
12-11-2014,362.4578,346.4651
12-12-2014,361.4821,345.5326
12/15/2014,355.6593,339.9674
12/16/2014,348.5571,333.179
12/17/2014,349.4878,334.0689
12/18/2014,349.5856,334.1627
12/19/2014,350.3392,334.8834
12/22/2014,344.9655,329.7478
12/23/2014,344.9572,329.7403
12/24/2014,343.6557,328.4967
12/26/2014,350.7701,335.2983
12/29/2014,345.8969,330.6416
12/30/2014,352.5692,337.0199
12/31/2014,345.4873,330.2508
01-02-2015,346.8112,331.517
01-05-2015,353.0639,337.4951
01-06-2015,358.6698,342.8541
01-07-2015,356.2401,340.5319
01-08-2015,354.9441,339.2932
01-09-2015,356.8416,341.0908
01-12-2015,361.3276,345.3686
01/13/2015,364.8944,348.7676
01/14/2015,364.0593,347.898
01/15/2015,371.322,354.7854
01/16/2015,377.6506,360.8324
01/20/2015,382.568,365.5318
01/21/2015,383.8085,366.7172
01/22/2015,386.2742,369.0734
01/23/2015,384.1792,367.072
01/26/2015,379.5177,362.6189
01/27/2015,382.7985,365.7538
01/28/2015,381.5873,364.5967
01/29/2015,367.3283,350.9727
01/30/2015,374.8477,358.1576
02-02-2015,374.5945,357.9162
02-03-2015,371.3993,354.8634
02-04-2015,372.7296,356.1346
02-05-2015,371.2075,354.6805
02-06-2015,362.2676,346.1388
02-09-2015,365.9523,349.6115
02-10-2015,362.8691,346.6177
02-11-2015,359.5485,343.3975
02-12-2015,360.0188,343.8001
02/13/2015,364.3031,347.8454
02/17/2015,355.0799,339.0396
02/18/2015,352.6355,336.7058
02/19/2015,354.9089,338.8767
02/20/2015,353.7098,337.7319
02/23/2015,352.7028,336.7707
02/24/2015,351.5695,335.6888
02/25/2015,353.8502,337.8667
02/26/2015,356.5655,340.4595
02/27/2015,356.8394,340.7212
03-02-2015,355.1697,339.1275
03-03-2015,353.465,337.5
03-04-2015,351.922,336.0268
03-05-2015,350.9046,335.0555
03-06-2015,342.0014,326.5546
03-09-2015,342.3489,326.8412
03-10-2015,340.1886,324.7338
03-11-2015,336.6502,321.3154
03-12-2015,337.8342,322.4041
03/13/2015,337.8389,322.3674
03/16/2015,338.6904,323.1803
03/17/2015,337.3861,321.9361
03/18/2015,337.825,322.3552
03/19/2015,344.9391,329.1439
03/20/2015,352.6923,336.5425
03/23/2015,353.3873,337.2068
03/24/2015,354.7118,338.4708
03/25/2015,356.0858,339.7821
03/26/2015,358.5494,342.1331
03/27/2015,357.0629,340.7149
03/30/2015,351.4813,335.3894
03/31/2015,350.5942,334.5432
04-01-2015,358.6296,342.2111
04-02-2015,355.0121,338.7595
04-06-2015,361.1713,344.638
04-07-2015,357.9029,341.5195
04-08-2015,354.0827,337.8743
04-09-2015,350.4942,334.4041
04-10-2015,354.0979,337.7942
04/13/2015,352.4828,336.2065
04/14/2015,350.3381,334.1136
04/15/2015,352.9476,336.5555
04/16/2015,352.2673,335.9071
04/17/2015,353.0527,336.6562
04/20/2015,349.0602,332.8498
04/21/2015,351.7723,335.4362
04/22/2015,347.0589,330.9419
04/23/2015,348.86,332.6596
04/24/2015,343.595,327.6394
04/27/2015,354.019,337.5799
04/28/2015,357.4223,340.8254
04/29/2015,356.9877,340.4112
04/30/2015,347.8887,331.7348
05-01-2015,346.076,330.0065
05-04-2015,350.4801,334.2067
05-05-2015,352.6509,336.2768
05-06-2015,351.6077,335.2822
05-07-2015,348.6648,332.4761
05-08-2015,351.1189,334.7706
05-11-2015,349.0214,332.726
05-12-2015,352.306,335.8158
05/13/2015,361.8895,344.9086
05/14/2015,364.8367,347.6761
05/15/2015,365.416,348.2284
05/18/2015,366.8757,349.6199
05/19/2015,358.5897,341.7238
05/20/2015,359.2833,342.3849
05/21/2015,358.3739,341.5185
05/22/2015,357.8697,341.0381
05/26/2015,352.4322,335.857
05/27/2015,351.5874,335.052
05/28/2015,352.2105,335.646
05/29/2015,352.6091,336.0259
06-01-2015,352.2515,335.6855
06-02-2015,354.1626,337.5069
06-03-2015,350.2907,333.8172
06-04-2015,346.0455,329.7717
06-05-2015,343.8313,327.6617
06-08-2015,344.9286,328.6609
06-09-2015,345.8321,329.4752
06-10-2015,347.8441,331.3453
06-11-2015,346.5532,330.0682
06-12-2015,345.5855,329.1002
06/15/2015,348.4711,331.8485
06/16/2015,346.716,330.1773
06/17/2015,345.7204,329.2292
06/18/2015,352.3536,335.5462
06/19/2015,352.0702,335.2764
06/22/2015,348.3933,331.7751
06/23/2015,344.4649,328.0343
06/24/2015,344.3355,327.911
06/25/2015,343.8185,327.4188
06/26/2015,343.7061,327.3119
06/29/2015,344.5463,328.1123
06/30/2015,342.3389,326.0103
07-01-2015,341.775,325.4734
07-02-2015,340.434,324.1965
07-06-2015,343.6208,327.2319
07-07-2015,334.6998,318.7365
07-08-2015,338.1634,322.0351
07-09-2015,338.4589,322.2217
07-10-2015,338.9599,322.6039
07/13/2015,338.3817,321.9594
07/14/2015,337.2446,320.7832
07/15/2015,334.4999,318.0828
07/16/2015,333.3564,316.9955
07/17/2015,329.7968,313.6107
07/20/2015,323.8873,307.9917
07/21/2015,323.2616,307.397
07/22/2015,320.3509,304.6293
07/23/2015,320.727,304.9873
07/24/2015,317.5449,301.9616
07/27/2015,320.5704,304.8393
07/28/2015,320.7376,304.9988
07/29/2015,320.5764,304.8459
07/30/2015,319.3131,303.645
07/31/2015,320.9774,305.2281
08-03-2015,318.4346,302.8113
08-04-2015,318.9551,303.3069
08-05-2015,317.8282,302.236
08-06-2015,319.508,303.834
08-07-2015,321.1934,305.4373
08-10-2015,326.0966,310.0458
08-11-2015,326.8884,310.7445
08-12-2015,331.4845,315.0587
08/13/2015,329.3646,312.989
08/14/2015,327.7352,311.388
08/17/2015,329.4529,313.0232
08/18/2015,326.2032,309.9365
08/19/2015,330.7924,314.2978
08/20/2015,338.2042,321.3409
08/21/2015,338.3719,321.5012
08/24/2015,333.9432,317.2961
08/25/2015,329.7945,313.3546
08/26/2015,323.568,307.4389
08/27/2015,325.1779,308.9691
08/28/2015,328.2832,311.9199
08/31/2015,328.169,311.8128
09-01-2015,329.9428,313.499
09-02-2015,328.8681,312.4786
09-03-2015,327.1257,310.8239
09-04-2015,325.5555,309.3328
09-08-2015,326.6412,310.3676
09-09-2015,321.5094,305.4922
09-10-2015,323.4824,307.3675
09-11-2015,321.3868,305.377
09/14/2015,321.5313,305.5161
09/15/2015,320.2166,304.2675
09/16/2015,326.948,310.664
09/17/2015,327.0784,310.7884
09/18/2015,332.5999,316.0353
09/21/2015,331.8475,315.3219
09/22/2015,327.4695,311.162
09/23/2015,329.1077,312.7186
09/24/2015,335.8758,319.1497
09/25/2015,333.9925,317.3602
09/28/2015,327.7227,311.4028
09/29/2015,326.8611,310.5842
09/30/2015,324.0369,307.9008
10-01-2015,323.6724,307.5545
10-02-2015,332.9092,316.3315
10-05-2015,335.658,318.9438
10-06-2015,339.1336,322.2464
10-07-2015,340.2575,323.3143
10-08-2015,337.4385,320.6357
10-09-2015,340.2456,323.303
10-12-2015,342.3691,325.3207
10/13/2015,342.8086,325.7384
10/14/2015,347.121,329.836
10/15/2015,349.0553,331.6741
10/16/2015,347.8183,330.4986
10/19/2015,344.035,326.9037
10/20/2015,345.4849,328.2816
10/21/2015,342.0556,325.0231
10/22/2015,342.5618,325.5043
10/23/2015,341.7905,324.7715
10/26/2015,342.9704,325.8931
10/27/2015,342.6448,325.5839
10/28/2015,347.3215,330.0279
10/29/2015,336.8587,320.0863
10/30/2015,335.6782,318.9647
11-02-2015,333.5828,316.9741
11-03-2015,327.9017,311.5769
11-04-2015,325.1615,308.9741
11-05-2015,324.3018,308.1581
11-06-2015,319.0682,303.1859
11-09-2015,317.6718,301.7682
11-10-2015,317.5176,301.5288
11-11-2015,316.2409,300.2312
11-12-2015,315.2118,299.1877
11/13/2015,315.1026,299.0268
11/16/2015,315.7906,299.6831
11/17/2015,312.2315,296.3067
11/18/2015,311.7205,295.8229
11/19/2015,314.4974,298.4595
11/20/2015,313.3851,297.405
11/23/2015,310.9153,295.0648
11/24/2015,313.0884,297.1283
11/25/2015,312.2351,296.3196
11/27/2015,308.5899,292.8625
11/30/2015,310.7761,294.9407
12-01-2015,310.3694,294.5565
12-02-2015,307.8484,292.1657
12-03-2015,309.8373,294.0551
12-04-2015,317.3612,301.1975
12-07-2015,314.3192,298.3158
12-08-2015,313.1117,297.172
12-09-2015,313.7869,297.8152
12-10-2015,312.3631,296.4662
12-11-2015,311.878,296.0081
12/14/2015,308.1398,292.467
12/15/2015,308.1769,292.5045
12/16/2015,314.1876,298.2118
12/17/2015,305.1979,289.6815
12/18/2015,310.7681,294.9708
12/21/2015,315.3915,299.366
12/22/2015,313.9786,298.0271
12/23/2015,312.5694,296.6915
12/24/2015,314.7382,298.7522
12/28/2015,310.2761,294.525
12/29/2015,310.4615,294.7031
12/30/2015,308.197,292.5557
12/31/2015,308.0616,292.4293
01-04-2016,311.5251,295.7255
01-05-2016,312.9576,297.0871
01-06-2016,315.9086,299.8902
01-07-2016,321.4448,305.1475
01-08-2016,316.8774,300.8135
01-11-2016,316.2166,300.1757
01-12-2016,313.1714,297.2848
01/13/2016,315.9922,299.9616
01/14/2016,310.6685,294.8821
01/15/2016,315.1877,299.169
01/19/2016,316.2029,300.1397
01/20/2016,320.0306,303.7751
01/21/2016,317.8961,301.7512
01/22/2016,317.3323,301.2181
01/25/2016,320.4991,304.2306
01/26/2016,325.5596,309.0368
01/27/2016,324.0104,307.5688
01/28/2016,322.5818,306.2153
01/29/2016,322.7123,306.3418
02-01-2016,325.7724,309.2544
02-02-2016,325.2737,308.784
02-03-2016,330.9686,314.1932
02-04-2016,335.0977,318.116
02-05-2016,334.7002,317.7418
02-08-2016,347.1764,329.5639
02-09-2016,347.4928,329.8381
02-10-2016,345.6429,328.0574
02-11-2016,360.0225,341.6841
02-12-2016,358.266,339.9981
02/16/2016,348.9054,331.1267
02/17/2016,349.8498,332.0258
02/18/2016,353.3562,335.3563
02/19/2016,353.9583,335.9305
02/22/2016,348.4699,330.73
02/23/2016,351.4695,333.5799
02/24/2016,355.271,337.1909
02/25/2016,354.3954,336.3628
02/26/2016,347.5482,329.867
02/29/2016,351.7502,333.864
03-01-2016,350.0007,332.2065
03-02-2016,353.9478,335.956
03-03-2016,358.168,339.9646
03-04-2016,364.1542,345.6497
03-07-2016,362.3669,343.9626
03-08-2016,360.7012,342.3407
03-09-2016,359.4356,341.0945
03-10-2016,363.864,345.2553
03-11-2016,361.4442,342.9146
03/14/2016,357.9667,339.5728
03/15/2016,353.3805,335.2254
03/16/2016,352.8706,334.7448
03/17/2016,365.2955,346.5346
03/18/2016,361.6593,343.0883
03/21/2016,359.8099,341.3435
03/22/2016,361.0133,342.488
03/23/2016,352.0541,333.9914
03/24/2016,351.1649,333.1505
03/28/2016,350.7932,332.809
03/29/2016,354.3286,336.166
03/30/2016,352.315,334.2584
03/31/2016,355.3382,337.1294
04-01-2016,350.2304,332.2862
04-04-2016,348.7207,330.8621
04-05-2016,351.9459,333.9244
04-06-2016,350.3426,332.4054
04-07-2016,353.8705,335.7548
04-08-2016,356.6274,338.3284
04-11-2016,363.2877,344.6087
04-12-2016,365.4489,346.6167
04/13/2016,363.4688,344.6971
04/14/2016,357.979,339.4485
04/15/2016,360.5505,341.889
04/18/2016,360.2746,341.634
04/19/2016,368.7532,349.6759
04/20/2016,369.8064,350.6769
04/21/2016,368.6842,349.6148
04/22/2016,363.2314,344.4462
04/25/2016,366.0508,347.1261
04/26/2016,367.3372,348.3484
04/27/2016,369.8902,350.7718
04/28/2016,374.8137,355.4433
04/29/2016,381.3132,361.6093
05-02-2016,381.5955,361.8846
05-03-2016,379.6333,360.026
05-04-2016,374.75,355.3972
05-05-2016,374.4654,355.1294
05-06-2016,380.2688,360.6353
05-09-2016,371.9139,352.6244
05-10-2016,371.6577,352.2839
05-11-2016,375.4216,355.7528
05-12-2016,373.2536,353.5974
05/13/2016,373.8446,354.0674
05/16/2016,374.3168,354.5217
05/17/2016,375.5154,355.6597
05/18/2016,374.288,354.4999
05/19/2016,366.268,346.9066
05/20/2016,366.1683,346.8149
05/23/2016,365.2704,345.9723
05/24/2016,359.4452,340.4583
05/25/2016,358.3055,339.3821
05/26/2016,357.9828,339.0798
05/27/2016,356.264,337.455
05/31/2016,354.7534,336.0373
06-01-2016,353.753,335.0928
06-02-2016,353.9081,335.2429
06-03-2016,362.3824,343.2734
06-06-2016,363.8333,344.6576
06-07-2016,363.4252,344.2737
06-08-2016,370.3275,350.7561
06-09-2016,374.3166,354.4775
06-10-2016,375.4344,355.4786
06/13/2016,378.5107,358.3391
06/14/2016,378.7054,358.466
06/15/2016,379.2241,358.9596
06/16/2016,381.9979,361.5879
06/17/2016,380.0346,359.7323
06/20/2016,380.1119,359.8135
06/21/2016,374.7947,354.783
06/22/2016,374.2241,354.2455
06/23/2016,373.0298,353.1176
06/24/2016,388.1709,367.4531
06/27/2016,388.3328,367.6147
06/28/2016,387.5261,366.8536
06/29/2016,392.5901,371.6501
06/30/2016,392.579,371.6424
07-01-2016,402.3578,380.9023
07-05-2016,408.4657,386.6955
07-06-2016,412.0471,390.0889
07-07-2016,408.7622,386.982
07-08-2016,409.5749,387.7544
07-11-2016,410.7594,388.592
07-12-2016,405.7706,383.5839
07/13/2016,409.3305,386.6507
07/14/2016,406.6717,383.8416
07/15/2016,405.0161,381.9847
07/18/2016,404.8676,381.8545
07/19/2016,405.1068,382.0836
07/20/2016,399.9556,377.2285
07/21/2016,403.7231,380.7852
07/22/2016,401.3911,378.5891
07/25/2016,400.2266,377.5009
07/26/2016,400.6787,377.9307
07/27/2016,403.8934,380.9662
07/28/2016,406.5112,383.4388
07/29/2016,410.8996,387.5815
08-01-2016,412.2774,388.8915
08-02-2016,416.2499,392.6418
08-03-2016,413.1771,389.7464
08-04-2016,413.5762,390.1259
08-05-2016,404.8966,381.9415
08-08-2016,404.3104,381.2677
08-09-2016,405.8745,382.6118
08-10-2016,409.0795,385.4983
08-11-2016,407.9149,384.2652
08-12-2016,404.686,381.0875
08/15/2016,406.455,382.7632
08/16/2016,408.6047,384.7907
08/17/2016,405.5142,381.8835
08/18/2016,407.9108,384.1436
08/19/2016,403.0291,379.5496
08/22/2016,399.6835,376.4084
08/23/2016,400.6628,377.3339
08/24/2016,394.8975,371.9075
08/25/2016,393.3748,370.4767
08/26/2016,394.4432,371.4861
08/29/2016,395.3928,372.3901
08/30/2016,392.0187,369.2157
08/31/2016,391.1495,368.4005
09-01-2016,393.7944,370.895
09-02-2016,398.4048,375.2408
09-06-2016,408.8841,385.1247
09-07-2016,406.0994,382.5055
09-08-2016,403.4565,380.0196
09-09-2016,400.064,376.8278
09-12-2016,395.9373,372.9512
09/13/2016,395.3834,372.4334
09/14/2016,396.4459,373.4381
09/15/2016,394.583,371.6872
09/16/2016,391.8428,369.1099
09/19/2016,396.0615,373.0954
09/20/2016,396.0665,373.1033
09/21/2016,401.8524,378.5569
09/22/2016,406.6822,383.1099
09/23/2016,404.2837,380.8537
09/26/2016,403.4835,380.1095
09/27/2016,397.9585,374.9072
09/28/2016,396.2751,373.3239
09/29/2016,397.1699,374.1695
09/30/2016,395.4495,372.5513
10-03-2016,392.4073,369.693
10-04-2016,376.6526,354.8535
10-05-2016,375.9317,354.1774
10-06-2016,370.5002,349.0632
10-07-2016,370.4817,349.0488
10-10-2016,373.9804,352.3542
10-11-2016,372.1142,350.5988
10-12-2016,371.6463,350.1616
10/13/2016,372.1616,350.6506
10/14/2016,371.6144,350.1385
10/17/2016,372.0482,350.5577
10/18/2016,374.3801,352.7582
10/19/2016,376.0108,354.2981
10/20/2016,374.8078,353.1679
10/21/2016,374.508,352.8887
10/24/2016,374.3413,352.7417
10/25/2016,377.5066,355.7276
10/26/2016,375.088,353.452
10/27/2016,375.7797,354.1071
10/28/2016,378.28,356.4665
10/31/2016,377.4987,355.7404
11-01-2016,384.4436,362.2885
11-02-2016,390.3883,367.8941
11-03-2016,387.662,365.3284
11-04-2016,387.6405,365.3118
11-07-2016,380.9971,359.0617
11-08-2016,381.5276,359.2615
11-09-2016,381.7542,359.1842
11-10-2016,382.6669,359.7567
11-11-2016,365.5745,343.4417
11/14/2016,362.3144,340.1797
11/15/2016,363.8612,341.6369
11/16/2016,363.0655,340.8946
11/17/2016,360.5774,338.5634
11/18/2016,357.9477,336.0991
11/21/2016,357.5692,335.7582
11/22/2016,358.5611,336.694
11/23/2016,352.4523,330.9623
11/25/2016,350.4667,329.1065
11/28/2016,353.9084,332.3516
11/29/2016,353.6719,332.1341
11/30/2016,348.5278,327.3078
12-01-2016,347.7242,326.5576
12-02-2016,351.4889,330.0975
12-05-2016,351.6236,330.2375
12-06-2016,349.7287,328.4624
12-07-2016,354.1311,332.6016
12-08-2016,351.961,330.568
12-09-2016,348.9561,327.7502
12-12-2016,351.1233,329.799
12/13/2016,348.4049,327.2506
12/14/2016,350.8875,329.5873
12/15/2016,336.0159,315.6234
12/16/2016,339.1903,318.6097
12/19/2016,339.5398,318.9521
12/20/2016,337.7894,317.3124
12/21/2016,336.8621,316.4458
12/22/2016,335.6746,315.3349
12/23/2016,335.6029,315.272
12/27/2016,338.1056,317.6411
12/28/2016,338.8483,318.3438
12/29/2016,343.5793,322.7934
12/30/2016,340.8294,320.2148
01-03-2017,345.5693,324.6878
01-04-2017,347.1395,326.1679
01-05-2017,351.0369,329.8347
01-06-2017,348.6482,327.5951
01-09-2017,352.078,330.8323
01-10-2017,353.3292,331.8888
01-11-2017,355.7063,334.0184
01-12-2017,356.512,334.6521
01/13/2017,355.4941,333.5696
01/17/2017,361.4505,339.0513
01/18/2017,361.9709,339.5445
01/19/2017,358.1021,335.9204
01/20/2017,359.0108,336.7778
01/23/2017,362.2309,339.8133
01/24/2017,361.1613,338.8146
01/25/2017,357.152,335.0582
01/26/2017,354.6762,332.7403
01/27/2017,355.9972,333.9843
01/30/2017,357.1521,335.0818
01/31/2017,362.7176,340.3082
02-01-2017,361.5161,339.1858
02-02-2017,363.807,341.34
02-03-2017,364.3951,341.8967
02-06-2017,368.0647,345.3544
02-07-2017,369.2912,346.5103
02-08-2017,369.8181,346.9361
02-09-2017,369.5102,346.579
02-10-2017,370.4784,347.4206
02/13/2017,367.7285,344.7874
02/14/2017,368.1155,345.084
02/15/2017,370.2136,347.056
02/16/2017,372.7013,349.3933
02/17/2017,371.9142,348.6606
02/21/2017,371.706,348.4864
02/22/2017,370.1945,347.0745
02/23/2017,375.0509,351.6327
02/24/2017,377.8048,354.22
02/27/2017,377.9759,354.3961
02/28/2017,377.2074,353.6806
03-01-2017,376.4742,352.9982
03-02-2017,368.5509,345.5741
03-03-2017,367.1157,344.2334
03-06-2017,367.0861,344.2203
03-07-2017,363.6984,341.0508
03-08-2017,361.039,338.4266
03-09-2017,358.3517,335.7774
03-10-2017,357.4535,334.8047
03/13/2017,358.2617,335.4481
03/14/2017,357.979,335.0525
03/15/2017,357.5447,334.6533
03/16/2017,365.5896,342.1905
03/17/2017,366.7126,343.249
03/20/2017,367.7232,344.2173
03/21/2017,371.2396,347.5162
03/22/2017,371.9061,348.1474
03/23/2017,371.405,347.6857
03/24/2017,372.6331,348.8427
03/27/2017,376.2202,352.2229
03/28/2017,377.0384,352.9965
03/29/2017,376.6041,352.5976
03/30/2017,374.4319,350.5715
03/31/2017,375.4109,351.4957
04-03-2017,375.7689,351.8537
04-04-2017,377.3549,353.3466
04-05-2017,374.4325,350.6179
04-06-2017,375.81,351.9155
04-07-2017,376.1388,352.2311
04-10-2017,374.1449,350.3067
04-11-2017,380.5642,356.2439
04-12-2017,381.7576,357.2892
04/13/2017,385.2942,360.5269
04/17/2017,386.1461,361.2772
04/18/2017,385.2602,360.4566
04/19/2017,382.3118,357.7062
04/20/2017,381.5919,357.0407
04/21/2017,381.828,357.2698
04/24/2017,379.2807,354.9108
04/25/2017,375.4931,351.3746
04/26/2017,373.5462,349.5608
04/27/2017,373.3642,349.3985
04/28/2017,373.4763,349.5113
05-01-2017,368.3105,344.701
05-02-2017,368.5738,344.9554
05-03-2017,365.1088,341.7206
05-04-2017,359.407,336.3921
05-05-2017,358.8731,335.9003
05-08-2017,358.9776,335.8795
05-09-2017,355.6559,332.6391
05-10-2017,357.2113,333.9595
05-11-2017,358.8437,335.3512
05-12-2017,360.5124,336.7764
05/15/2017,362.1538,338.3351
05/16/2017,364.34,340.386
05/17/2017,370.0856,345.7624
05/18/2017,367.4636,343.3214
05/19/2017,368.3315,344.1409
05/22/2017,372.3129,347.8868
05/23/2017,370.7363,346.4226
05/24/2017,370.0902,345.8277
05/25/2017,371.2385,346.9096
05/26/2017,374.496,349.9625
05/30/2017,373.8492,349.3939
05/31/2017,375.8361,351.2602
06-01-2017,373.9751,349.5302
06-02-2017,377.5545,352.885
06-05-2017,378.4156,353.718
06-06-2017,382.3622,357.4167
06-07-2017,380.9171,356.0757
06-08-2017,376.8582,352.2103
06-09-2017,374.1005,349.5625
06-12-2017,372.0486,347.5935
06/13/2017,371.0562,346.5986
06/14/2017,374.8197,350.0464
06/15/2017,367.7742,343.4762
06/16/2017,367.8402,343.5473
06/19/2017,364.8259,340.7604
06/20/2017,363.6253,339.6486
06/21/2017,363.8861,339.9018
06/22/2017,365.4576,341.3792
06/23/2017,367.7389,343.5198
06/26/2017,365.1357,341.117
06/27/2017,365.3579,341.3341
06/28/2017,366.6311,342.533
06/29/2017,365.1361,341.1459
06/30/2017,364.2227,340.302
07-03-2017,356.1671,332.8038
07-05-2017,355.5963,332.2898
07-06-2017,356.438,333.086
07-07-2017,350.3145,327.3733
07-10-2017,352.2336,329.1953
07-11-2017,353.531,330.1244
07-12-2017,355.606,331.778
07/13/2017,354.3881,330.3609
07/14/2017,358.2819,333.714
07/17/2017,360.8753,335.8736
07/18/2017,363.5944,338.4141
07/19/2017,363.7591,338.5773
07/20/2017,364.7484,339.508
07/21/2017,367.3173,341.9091
07/24/2017,367.1726,341.8043
07/25/2017,367.2574,341.8945
07/26/2017,366.1561,340.8805
07/27/2017,369.1707,343.6981
07/28/2017,371.7747,346.1337
07/31/2017,371.8792,346.2651
08-01-2017,373.057,347.3721
08-02-2017,372.6637,347.0162
08-03-2017,371.2099,345.6728
08-04-2017,366.9343,341.7016
08-07-2017,366.9503,341.747
08-08-2017,367.3761,342.0603
08-09-2017,373.791,347.9504
08-10-2017,377.3872,351.2173
08-11-2017,378.3568,352.0376
08/14/2017,377.9682,351.6159
08/15/2017,373.3324,347.3131
08/16/2017,375.3056,349.1587
08/17/2017,378.0161,351.6902
08/18/2017,377.5413,351.2584
08/21/2017,378.6998,352.366
08/22/2017,377.2576,351.0339
08/23/2017,378.436,352.1401
08/24/2017,377.3952,351.1814
08/25/2017,379.165,352.838
08/28/2017,385.1988,358.4824
08/29/2017,385.9067,359.1513
08/30/2017,384.7905,358.1227
08/31/2017,386.9585,360.1506
09-01-2017,390.1083,363.0924
09-05-2017,393.8802,366.6443
09-06-2017,392.5098,365.3791
09-07-2017,396.1339,368.763
09-08-2017,396.3691,368.9924
09-11-2017,391.7478,364.7217
09-12-2017,391.0282,364.0623
09/13/2017,389.8769,363.0009
09/14/2017,389.716,362.8615
09/15/2017,388.3258,361.5775
09/18/2017,382.1024,355.8141
09/19/2017,382.7578,356.4347
09/20/2017,384.3297,357.9089
09/21/2017,377.8441,351.8795
09/22/2017,378.2372,352.2558
09/25/2017,382.2033,355.9802
09/26/2017,378.5753,352.6115
09/27/2017,375.2389,349.5142
09/28/2017,375.548,349.8123
09/29/2017,373.7295,348.1287
10-02-2017,371.6503,346.2224
10-03-2017,371.367,345.9686
10-04-2017,371.697,346.2861
10-05-2017,370.9948,345.6421
10-06-2017,372.2276,346.8007
10-09-2017,375.4491,349.8325
10-10-2017,378.7008,352.8726
10-11-2017,377.2164,351.5001
10-12-2017,379.6223,353.7526
10/13/2017,382.205,356.17
10/16/2017,381.6189,355.6561
10/17/2017,376.1074,350.5303
10/18/2017,375.1625,349.6603
10/19/2017,378.1484,352.4538
10/20/2017,375.0799,349.6045
10/23/2017,375.1497,349.7014
10/24/2017,373.9659,348.6086
10/25/2017,373.8849,348.5438
10/26/2017,371.1961,346.0479
10/27/2017,371.3386,346.1914
10/30/2017,373.1594,347.9209
10/31/2017,370.721,345.6584
11-01-2017,374.9419,349.6047
11-02-2017,374.894,349.5711
11-03-2017,371.2399,346.1748
11-06-2017,376.2108,350.8427
11-07-2017,373.2753,348.1167
11-08-2017,376.4126,350.775
11-09-2017,376.6063,350.6904
11-10-2017,373.4165,347.4587
11/13/2017,375.748,349.3878
11/14/2017,377.0621,350.3441
11/15/2017,375.3592,348.7739
11/16/2017,376.0473,349.4253
11/17/2017,381.7425,354.7294
11/20/2017,374.1278,347.6903
11/21/2017,376.2267,349.6533
11/22/2017,379.4034,352.6181
11/24/2017,377.6188,350.9847
11/27/2017,379.3082,352.5926
11/28/2017,378.2313,351.6042
11/29/2017,373.3801,347.1071
11/30/2017,370.823,344.7423
12-01-2017,371.5503,345.4308
12-04-2017,370.4663,344.46
12-05-2017,365.954,340.2768
12-06-2017,365.5725,339.9343
12-07-2017,361.8804,336.5133
12-08-2017,360.9791,335.6873
12-11-2017,360.4375,335.2198
12-12-2017,358.6436,333.5637
12/13/2017,361.2839,336.0316
12/14/2017,363.4989,338.1042
12/15/2017,364.3187,338.8791
12/18/2017,366.8626,341.2827
12/19/2017,366.2849,340.7582
12/20/2017,368.1506,342.5067
12/21/2017,368.1632,342.5313
12/22/2017,371.1085,345.2845
12/26/2017,373.9067,347.9401
12/27/2017,375.6172,349.5457
12/28/2017,377.8255,351.6148
12/29/2017,381.7142,355.2479
01-02-2018,383.5373,357.0018
01-03-2018,384.4051,357.8237
01-04-2018,385.0896,358.4752
01-05-2018,385.3325,358.7156
01-08-2018,384.1188,357.6287
01-09-2018,382.1308,355.5846
01-10-2018,383.7256,356.8695
01-11-2018,384.2901,357.1922
01-12-2018,388.2324,360.6435
01/16/2018,389.22,361.3897
01/17/2018,389.5451,361.706
01/18/2018,385.7592,358.205
01/19/2018,387.5263,359.8602
01/22/2018,387.0348,359.4467
01/23/2018,387.7062,360.0845
01/24/2018,395.1166,366.9813
01/25/2018,397.2482,368.9757
01/26/2018,393.9289,365.9073
01/29/2018,389.5859,361.917
01/30/2018,388.0874,360.5393
01/31/2018,389.7377,362.0868
02-01-2018,390.3567,362.6762
02-02-2018,385.656,358.3232
02-05-2018,385.2785,358.0151
02-06-2018,383.2413,356.137
02-07-2018,378.1274,351.3996
02-08-2018,379.7361,352.8271
02-09-2018,378.0255,351.171
02-12-2018,382.7527,355.5255
02/13/2018,383.509,356.1645
02/14/2018,391.5803,363.5954
02/15/2018,390.5591,362.6631
02/16/2018,390.3246,362.4611
02/20/2018,383.2689,355.9725
02/21/2018,384.3345,356.9784
02/22/2018,384.2586,356.924
02/23/2018,383.2571,356.01
02/26/2018,384.197,356.9315
02/27/2018,380.0465,353.0919
02/28/2018,379.7489,352.8316
03-01-2018,376.2315,349.5797
03-02-2018,381.2841,354.2903
03-05-2018,380.2209,353.3511
03-06-2018,385.5812,358.3489
03-07-2018,382.3669,355.3782
03-08-2018,381.3464,354.2067
03-09-2018,382.6882,355.2244
03-12-2018,381.8605,354.2619
03/13/2018,384.0048,356.0224
03/14/2018,383.4393,355.2714
03/15/2018,381.0757,353.098
03/16/2018,379.0635,351.2499
03/19/2018,380.5449,352.6716
03/20/2018,378.5182,350.8108
03/21/2018,381.9069,353.9689
03/22/2018,383.0541,355.0497
03/23/2018,389.0913,360.6631
03/26/2018,390.785,362.2867
03/27/2018,387.1378,358.9233
03/28/2018,381.6384,353.8422
03/29/2018,381.1153,353.3745
04-02-2018,387.6017,359.4581
04-03-2018,383.9942,356.1299
04-04-2018,383.9171,356.0756
04-05-2018,381.8388,354.1654
04-06-2018,383.5694,355.7877
04-09-2018,385.4161,357.4742
04-10-2018,387.123,359.0002
04-11-2018,391.2323,362.7613
04-12-2018,385.7209,357.605
04/13/2018,388.092,359.7558
04/16/2018,388.7947,360.4587
04/17/2018,389.0882,360.7485
04/18/2018,392.4436,363.8772
04/19/2018,391.3437,362.8752
04/20/2018,388.5631,360.3146
04/23/2018,382.4243,354.6751
04/24/2018,385.1065,357.1808
04/25/2018,381.7322,354.0694
04/26/2018,380.5877,353.0258
04/27/2018,381.4466,353.8405
04/30/2018,380.0072,352.5594
05-01-2018,375.807,348.6806
05-02-2018,376.8397,349.6565
05-03-2018,378.7996,351.4929
05-04-2018,379.6228,352.2748
05-07-2018,379.3633,352.0879
05-08-2018,379.4344,351.9114
05-09-2018,379.9104,352.1104
05-10-2018,383.4174,355.1163
05-11-2018,383.3049,354.7705
05/14/2018,382.423,353.7496
05/15/2018,374.1889,346.1515
05/16/2018,374.9911,346.9118
05/17/2018,375.0774,347.0099
05/18/2018,375.32,347.2526
05/21/2018,375.5493,347.5196
05/22/2018,376.0606,348.011
05/23/2018,374.5898,346.6684
05/24/2018,379.4114,351.1489
05/25/2018,378.494,350.3182
05/29/2018,376.4949,348.5419
05/30/2018,377.9263,349.8854
05/31/2018,377.0742,349.1151
06-01-2018,375.7815,347.9367
06-04-2018,375.2834,347.5305
06-05-2018,376.9626,349.104
06-06-2018,377.5759,349.6906
06-07-2018,378.5669,350.627
06-08-2018,378.1939,350.2245
06-11-2018,379.4953,351.4096
06-12-2018,378.4114,350.3481
06/13/2018,379.4462,351.2479
06/14/2018,382.5109,354.0253
06/15/2018,371.7537,344.088
06/18/2018,371.8954,344.2741
06/19/2018,370.932,343.4004
06/20/2018,369.9448,342.5046
06/21/2018,369.1686,341.8041
06/22/2018,369.9209,342.5188
06/25/2018,368.8277,341.5609
06/26/2018,366.4233,339.3524
06/27/2018,365.0836,338.1296
06/28/2018,362.9194,336.143
06/29/2018,364.5225,337.6457
07-02-2018,359.7666,333.294
07-03-2018,363.4871,336.7587
07-05-2018,364.9514,338.1518
07-06-2018,364.136,337.4145
07-09-2018,365.3499,338.594
07-10-2018,364.6538,337.4937
07-11-2018,361.2726,333.9132
07-12-2018,363.0608,335.121
07/13/2018,361.4582,333.214
07/16/2018,361.5628,332.9253
07/17/2018,357.7545,329.437
07/18/2018,357.6628,329.3708
07/19/2018,355.7804,327.6554
07/20/2018,357.9775,329.6969
07/23/2018,355.9902,327.9211
07/24/2018,356.5328,328.4389
07/25/2018,358.321,330.1042
07/26/2018,356.5577,328.4979
07/27/2018,355.9678,327.9724
07/30/2018,355.931,327.9925
07/31/2018,356.5144,328.5484
08-01-2018,354.6161,326.8173
08-02-2018,352.5933,324.9712
08-03-2018,353.6879,325.9982
08-06-2018,351.8644,324.3719
08-07-2018,352.1292,324.6342
08-08-2018,353.143,325.4911
08-09-2018,353.16,325.4303
08-10-2018,352.1845,324.4543
08/13/2018,346.1623,318.8677
08/14/2018,347.0374,319.5979
08/15/2018,340.3874,313.4918
08/16/2018,341.5223,314.5548
08/17/2018,341.1318,314.2129
08/20/2018,343.6437,316.5799
08/21/2018,345.3611,318.1799
08/22/2018,346.0441,318.8273
08/23/2018,342.8809,315.9309
08/24/2018,348.5403,321.1634
08/27/2018,349.5143,322.1155
08/28/2018,348.775,321.4528
08/29/2018,347.6621,320.4457
08/30/2018,345.081,318.0852
08/31/2018,345.2659,318.2741
09-04-2018,341.5956,314.9645
09-05-2018,342.2956,315.6283
09-06-2018,342.7598,316.0747
09-07-2018,341.8329,315.2384
09-10-2018,341.7568,315.2235
09-11-2018,342.145,315.6
09-12-2018,344.818,318.0842
09/13/2018,343.9593,317.3108
09/14/2018,341.8421,315.3763
09/17/2018,343.3143,316.7901
09/18/2018,342.4687,316.0286
09/19/2018,344.1703,317.6175
09/20/2018,344.9701,318.3743
09/21/2018,343.0243,316.5975
09/24/2018,343.6209,317.2043
09/25/2018,344.5738,318.1032
09/26/2018,342.7542,316.4427
09/27/2018,339.5645,313.5171
09/28/2018,343.7382,317.3897
10-01-2018,341.6605,315.5291
10-02-2018,346.0457,319.598
10-03-2018,345.0113,318.662
10-04-2018,344.3022,318.0263
10-05-2018,345.503,319.1548
10-08-2018,340.0365,314.1631
10-09-2018,341.055,315.1232
10-10-2018,341.0906,315.1755
10-11-2018,350.181,323.5948
10-12-2018,349.0849,322.6019
10/15/2018,351.4171,324.8171
10/16/2018,351.4368,324.8558
10/17/2018,350.4352,323.9505
10/18/2018,350.7277,324.2414
10/19/2018,350.6568,324.1964
10/22/2018,349.4128,323.1077
10/23/2018,353.2119,326.6415
10/24/2018,351.3281,324.9203
10/25/2018,351.3767,324.9861
10/26/2018,352.5014,326.0472
10/29/2018,349.3212,323.1684
10/30/2018,348.9135,322.8119
10/31/2018,345.6741,319.8356
11-01-2018,353.5292,327.124
11-02-2018,352.2378,325.9501
11-05-2018,351.4435,325.2779
11-06-2018,349.3356,323.3479
11-07-2018,350.2322,324.1988
11-08-2018,349.0664,322.7692
11-09-2018,344.2919,318.0091
11-12-2018,342.8662,316.3916
11/13/2018,342.6035,315.8086
11/14/2018,345.4829,318.1214
11/15/2018,347.5789,320.0722
11/16/2018,349.9845,322.3083
11/19/2018,350.5469,322.8893
11/20/2018,348.9097,321.4023
11/21/2018,351.6625,323.9591
11/23/2018,349.2624,321.7904
11/26/2018,349.0474,321.6554
11/27/2018,346.4465,319.2798
11/28/2018,349.8797,322.4649
11/29/2018,349.7356,322.3534
11/30/2018,347.7851,320.5769
12-03-2018,352.2946,324.7972
12-04-2018,354.594,326.9384
12-05-2018,353.3984,325.8576
12-06-2018,353.2386,325.7318
12-07-2018,356.2249,328.507
12-10-2018,355.0346,327.4742
12-11-2018,354.6648,327.1548
12-12-2018,356.458,328.8305
12/13/2018,355.8994,328.3371
12/14/2018,353.4193,326.0707
12/17/2018,356.3768,328.8641
12/18/2018,356.474,328.9755
12/19/2018,357.7114,330.1393
12/20/2018,360.5419,332.7735
12/21/2018,357.4822,329.9714
12/24/2018,361.1543,333.4264
12/26/2018,363.0102,335.1847
12/27/2018,365.7959,337.7794
12/28/2018,366.8799,338.8032
12/31/2018,367.0462,339.0251
01-02-2019,368.2417,340.1759
01-03-2019,371.4024,343.1191
01-04-2019,369.3388,341.2363
01-07-2019,370.0954,342.0056
01-08-2019,368.9784,340.9963
01-09-2019,370.7325,342.3772
01-10-2019,369.5068,341.0115
01-11-2019,370.3204,341.5259
01/14/2019,371.1784,342.1279
01/15/2019,370.4142,341.1849
01/16/2019,371.692,342.3848
01/17/2019,370.7662,341.5548
01/18/2019,367.8564,338.8973
01/22/2019,367.5682,338.7225
01/23/2019,368.032,339.1725
01/24/2019,366.6427,337.9147
01/25/2019,372.8867,343.692
01/28/2019,374.3709,345.1287
01/29/2019,376.0747,346.7222
01/30/2019,376.6382,347.2647
01/31/2019,379.5714,349.9921
02-01-2019,378.0981,348.6568
02-04-2019,377.2336,347.9288
02-05-2019,376.9287,347.6708
02-06-2019,375.1192,346.0248
02-07-2019,375.1436,346.0702
02-08-2019,376.7344,347.458
02-11-2019,374.7344,345.581
02-12-2019,375.3027,346.0257
02/13/2019,375.429,346.063
02/14/2019,374.563,345.1879
02/15/2019,377.5829,347.9941
02/19/2019,383.8113,353.8275
02/20/2019,385.6979,355.5903
02/21/2019,379.1978,349.6213
02/22/2019,380.8868,351.2019
02/25/2019,379.6926,350.1711
02/26/2019,379.4635,349.9833
02/27/2019,376.968,347.7051
02/28/2019,375.1101,346.0147
03-01-2019,369.2898,340.6691
03-04-2019,365.8871,337.5986
03-05-2019,365.2774,337.0586
03-06-2019,365.7956,337.5595
03-07-2019,365.2142,337.0457
03-08-2019,370.1299,341.3321
03-11-2019,368.194,339.3481
03-12-2019,370.7753,341.4874
03/13/2019,373.7539,343.995
03/14/2019,369.2877,339.6502
03/15/2019,371.7871,341.9718
03/18/2019,371.5145,341.7898
03/19/2019,372.8863,343.0748
03/20/2019,371.5136,341.8349
03/21/2019,373.4503,343.6398
03/22/2019,374.3911,344.5286
03/25/2019,377.5399,347.4956
03/26/2019,375.1036,345.2766
03/27/2019,373.382,343.715
03/28/2019,366.8383,337.7144
03/29/2019,368.3108,339.0926
04-01-2019,367.3121,338.2415
04-02-2019,367.3583,338.3065
04-03-2019,367.5687,338.5226
04-04-2019,367.249,338.2506
04-05-2019,367.5434,338.5442
04-08-2019,369.7555,340.5537
04-09-2019,371.2273,341.8355
04-10-2019,372.7355,343.1496
04-11-2019,366.2103,337.0708
04-12-2019,367.2695,337.974
04/15/2019,366.4711,337.3064
04/16/2019,363.0384,334.1692
04/17/2019,363.0645,334.2154
04/18/2019,363.0035,334.1814
04/22/2019,363.4651,334.6951
04/23/2019,361.4143,332.829
04/24/2019,363.5061,334.7776
04/25/2019,363.3676,334.6724
04/26/2019,366.0739,337.1874
04/29/2019,363.6067,334.9825
04/30/2019,364.8101,336.1134
05-01-2019,363.0397,334.5047
05-02-2019,359.7489,331.4947
05-03-2019,363.818,335.2662
05-06-2019,364.0736,335.5687
05-07-2019,364.4599,335.947
05-08-2019,363.4443,334.793
05-09-2019,364.0292,335.1131
05-10-2019,364.8528,335.6526
05/13/2019,368.172,338.5345
05/14/2019,367.4076,337.6183
05/15/2019,367.756,337.9607
05/16/2019,363.6626,334.2211
05/17/2019,360.4994,331.336
05/20/2019,361.1488,331.9982
05/21/2019,360.0578,331.0169
05/22/2019,360.431,331.3815
05/23/2019,363.8638,334.5592
05/24/2019,363.1435,333.9186
05/28/2019,360.354,331.4406
05/29/2019,361.6967,332.6969
05/30/2019,363.478,334.3567
05/31/2019,367.9804,338.52
06-03-2019,372.6183,342.8519
06-04-2019,372.9567,343.1852
06-05-2019,374.1483,344.3037
06-06-2019,376.7753,346.7432
06-07-2019,378.2291,348.1033
06-10-2019,372.4351,342.7598
06-11-2019,373.5067,343.6901
06-12-2019,374.8813,344.898
06/13/2019,377.2456,347.0171
06/14/2019,377.0144,346.7512
06/17/2019,376.8019,346.6207
06/18/2019,379.4346,349.0634
06/19/2019,378.8227,348.5216
06/20/2019,392.3317,360.9711
06/21/2019,391.9075,360.6027
06/24/2019,396.3642,364.7688
06/25/2019,396.0315,364.4838
06/26/2019,395.2676,363.8019
06/27/2019,394.0686,362.7195
06/28/2019,394.7049,363.3262
07-01-2019,388.5536,357.7272
07-02-2019,392.8805,361.7323
07-03-2019,396.2445,364.8511
07-05-2019,389.8184,358.9778
07-08-2019,390.0741,359.2775
07-09-2019,391.2678,359.9089
07-10-2019,394.8726,362.7504
07-11-2019,393.7229,361.2225
07-12-2019,395.9789,362.8088
07/15/2019,397.5411,363.8031
07/16/2019,398.7687,364.948
07/17/2019,403.106,368.9389
07/18/2019,405.4582,371.1135
07/19/2019,405.1364,370.8408
07/22/2019,406.4246,372.0855
07/23/2019,405.6602,371.4068
07/24/2019,406.945,372.6042
07/25/2019,403.7679,369.7164
07/26/2019,404.7121,370.602
07/29/2019,405.1951,371.1074
07/30/2019,407.7141,373.436
07/31/2019,405.9769,371.8663
08-01-2019,403.5271,369.6438
08-02-2019,409.5025,375.1388
08-05-2019,414.3363,379.6319
08-06-2019,416.3075,381.459
08-07-2019,428.2681,392.4395
08-08-2019,424.7496,389.0992
08-09-2019,424.6632,388.9017
08-12-2019,427.5032,391.4232
08/13/2019,426.5099,390.3935
08/14/2019,431.3333,394.683
08/15/2019,431.683,395.0246
08/16/2019,429.5185,393.0654
08/19/2019,425.8466,389.7696
08/20/2019,427.9284,391.6956
08/21/2019,427.951,391.737
08/22/2019,425.749,389.7421
08/23/2019,434.2147,397.5124
08/26/2019,435.4354,398.693
08/27/2019,441.5191,404.285
08/28/2019,441.8256,404.5877
08/29/2019,438.4159,401.4873
08/30/2019,436.8903,400.112
09-03-2019,447.7281,410.1243
09-04-2019,450.4631,412.6517
09-05-2019,438.6736,401.874
09-06-2019,432.6009,396.3323
09-09-2019,431.9145,395.7673
09-10-2019,429.4307,393.5125
09-11-2019,430.2111,394.2488
09-12-2019,431.1654,395.1443
09/13/2019,426.0028,390.4342
09/16/2019,431.2033,395.2631
09/17/2019,432.2625,396.2554
09/18/2019,431.5339,395.609
09/19/2019,429.2452,393.5322
09/20/2019,430.9852,395.1487
09/23/2019,439.4367,402.9617
09/24/2019,440.8613,404.2895
09/25/2019,431.6436,395.8579
09/26/2019,431.3636,395.6221
09/27/2019,427.9753,392.5355
09/30/2019,416.9776,382.511
10-01-2019,422.2047,387.3256
10-02-2019,428.4775,393.1
10-03-2019,429.7226,394.2625
10-04-2019,429.2379,393.838
10-07-2019,426.9057,391.7587
10-08-2019,427.7026,392.5083
10-09-2019,430.2635,394.8768
10-10-2019,426.4945,391.4363
10-11-2019,423.5095,388.7149
10/14/2019,426.3874,391.4109
10/15/2019,421.4712,386.9163
10/16/2019,424.0012,389.2565
10/17/2019,425.985,391.0955
10/18/2019,424.8779,390.0969
10/21/2019,423.7072,389.0755
10/22/2019,422.999,388.4429
10/23/2019,425.2376,390.5162
10/24/2019,428.4657,393.4984
10/25/2019,429.287,394.2706
10/28/2019,426.9352,392.1643
10/29/2019,425.5698,390.9278
10/30/2019,427.0802,392.3329
10/31/2019,432.154,397.0116
11-01-2019,431.3287,396.2713
11-04-2019,431.3427,396.3377
11-05-2019,422.5565,388.2813
11-06-2019,424.7733,390.3348
11-07-2019,415.6301,381.9493
11-08-2019,414.275,380.293
11-11-2019,413.3677,379.0821
11-12-2019,412.4514,377.8282
11/13/2019,416.2601,380.9066
11/14/2019,419.5524,383.5087
11/15/2019,418.0542,382.156
11/18/2019,419.0833,383.1467
11/19/2019,420.2967,384.2724
11/20/2019,420.2305,384.2283
11/21/2019,417.6609,381.8953
11/22/2019,417.2985,381.5804
11/25/2019,415.1771,379.6896
11/26/2019,416.8556,381.2411
11/27/2019,414.6654,379.2546
11/29/2019,417.5455,381.9217
12-02-2019,415.9907,380.5493
12-03-2019,420.8973,385.0544
12-04-2019,418.103,382.5148
12-05-2019,419.5441,383.8499
12-06-2019,413.0031,377.882
12-09-2019,413.22,378.1297
12-10-2019,414.2565,379.0942
12-11-2019,416.5913,381.2468
12-12-2019,416.5695,381.243
12/13/2019,418.8643,383.3593
12/16/2019,419.2837,383.7918
12/17/2019,419.0733,383.6157
12/18/2019,418.5294,383.1342
12/19/2019,420.3651,384.8311
12/20/2019,419.9992,384.5126
12/23/2019,423.2547,387.5425
12/24/2019,428.7648,392.6045
12/26/2019,431.631,395.2629
12/27/2019,432.1706,395.7742
12/30/2019,432.6079,396.226
12/31/2019,433.1349,396.7255
01-02-2020,434.9314,398.4045
01-03-2020,440.8175,403.8131
01-06-2020,444.5473,407.2811
01-07-2020,446.9566,409.5056
01-08-2020,442.6066,405.5375
01-09-2020,440.3113,403.1918
01-10-2020,442.8127,405.2262
01/13/2020,440.4292,402.833
01/14/2020,438.0171,400.3767
01/15/2020,441.6634,403.4472
01/16/2020,440.6047,402.4973
01/17/2020,443.5344,405.1908
01/21/2020,441.6027,403.495
01/22/2020,441.4415,403.3649
01/23/2020,443.3804,405.1538
01/24/2020,446.3459,407.8809
01/27/2020,447.2676,408.7752
01/28/2020,442.3562,404.304
01/29/2020,442.5537,404.5017
01/30/2020,448.1523,409.6361
01/31/2020,447.9689,409.4859
02-03-2020,444.9418,406.7712
02-04-2020,438.3879,400.797
02-05-2020,440.2267,402.4955
02-06-2020,442.9667,405.0181
02-07-2020,443.0576,405.1186
02-10-2020,444.9917,406.861
02-11-2020,441.9917,404.0561
02-12-2020,441.885,403.8988
02/13/2020,444.2187,405.9708
02/14/2020,446.596,408.0814
02/18/2020,452.6245,413.6605
02/19/2020,455.3018,416.1251
02/20/2020,457.283,417.9537
