,,,Issues added on 29 January 2020,,,,,,,
ST,Security,Issue,Issue Description,Coupon,Issue Date,Maturity Date,Next IP Date,Coupon Freq,Rating,Listed
SG,AP36,7.15%,SDL Andhra Pradesh 7.15% 2036,7.1500,29-Jan-2020,29-Jan-2036,29-Jul-2020,Half Yearly,,Yes
SG,ASSM30,7.24%,SDL Assam 7.24% 2030,7.2400,29-Jan-2020,29-Jan-2030,29-Jul-2020,Half Yearly,,Yes
SG,BIH30A,7.17%,SDL Bihar 7.17% 2030,7.1700,29-Jan-2020,29-Jan-2030,29-Jul-2020,Half Yearly,,Yes
SG,CHTIS30,7.18%,SDL Chattisgarh Stage 7.18% 2030,7.1800,29-Jan-2020,29-Jan-2030,29-Jul-2020,Half Yearly,,Yes
SG,KRN30,7.17%,SDL Karnataka 7.17% 2030,7.1700,29-Jan-2020,29-Jan-2030,29-Jul-2020,Half Yearly,,Yes
SG,KER30,7.16%,SDL Kerala 7.16% 2030,7.1600,29-Jan-2020,29-Jan-2030,29-Jul-2020,Half Yearly,,Yes
SG,ORS25,6.8%,SDL Orissa 6.8% 2025,6.8000,29-Jan-2020,29-Jan-2025,29-Jul-2020,Half Yearly,,Yes
SG,PUN32,7.22%,SDL Punjab 7.22% 2032,7.2200,29-Jan-2020,29-Jan-2032,29-Jul-2020,Half Yearly,,Yes
SG,RAJ24,6.7%,SDL Rajasthan 6.7% 2024,6.7000,29-Jan-2020,29-Jan-2024,29-Jul-2020,Half Yearly,,Yes
SG,RAJ30,7.18%,SDL Rajasthan 7.18% 2030,7.1800,29-Jan-2020,29-Jan-2030,29-Jul-2020,Half Yearly,,Yes
SG,TRIP30,7.17%,SDL Tripura 7.17% 2030,7.1700,29-Jan-2020,29-Jan-2030,29-Jul-2020,Half Yearly,,Yes
SG,UP30A,7.18%,SDL Uttar Pradesh 7.18% 2030,7.1800,29-Jan-2020,29-Jan-2030,29-Jul-2020,Half Yearly,,Yes
SG,WB35,7.15%,SDL West Bengal 7.15% 2035,7.1500,29-Jan-2020,29-Jan-2035,29-Jul-2020,Half Yearly,,Yes
CP,SGFL,280420,SGFL CP 28/04/20 Sr. 38,0.0000,29-Jan-2020,28-Apr-2020,,,CRISIL A1+,Yes
CP,SRF,240320,SRF CP 24/03/20 Sr. 03,0.0000,28-Jan-2020,24-Mar-2020,,,CRISIL A1+,Yes
CP,SFL,211220,SFL CP 21/12/20,0.0000,29-Jan-2020,21-Dec-2020,,,ICRA A1+,Yes
CP,SFL,280121,SFL CP 28/01/21,0.0000,29-Jan-2020,28-Jan-2021,,,ICRA A1+,Yes
CP,TMFL,270420,TMFL CP 27/04/20 Sr. 87,0.0000,28-Jan-2020,27-Apr-2020,,,CARE A1+,Yes
CP,TMFL,280420,TMFL CP 28/04/20 Sr. 88,0.0000,28-Jan-2020,28-Apr-2020,,,CARE A1+,Yes
CP,TMFL,240420,TMFL CP 24/04/20 Sr. 89,0.0000,28-Jan-2020,24-Apr-2020,,,CARE A1+,Yes
CP,TMFH,240420,TMFH CP 24/04/20 Sr. 20,0.0000,28-Jan-2020,24-Apr-2020,,,CARE A1+,Yes
CP,VL,270420,VL CP 27/04/20 Sr. 774,0.0000,28-Jan-2020,27-Apr-2020,,,CRISIL A1+,Yes
TB,91D,300420,GOI T BILL 91D-30/04/2020,0.0000,30-Jan-2020,30-Apr-2020,,,,Yes
TB,182D,300720,GOI T BILL 182D-30/07/2020,0.0000,30-Jan-2020,30-Jul-2020,,,,Yes
TB,364D,280121,GOI T BILL 364D-28/01/2021,0.0000,30-Jan-2020,28-Jan-2021,,,,Yes
CP,BILIPL,250620,BILPL CP 25/06/20 254,0.0000,28-Jan-2020,25-Jun-2020,,,CRISIL A1+,Yes
DB,HDFC21,6.77%,HDFC 6.77% 2021 W-007,6.7700,28-Jan-2020,28-Jun-2021,29-Jun-2020,Yearly,CRISIL AAA,Yes
CP,TCCL,290420,TCCL CP 29/04/20 Sr. 17,0.0000,29-Jan-2020,29-Apr-2020,,,CRISIL A1+,Yes
CP,TMFH,290420,TMFH CP Sr21/19-20,0.0000,29-Jan-2020,29-Apr-2020,,,CARE A1+,Yes
CP,TMFSL,270720,TMFSL CP 27/07/20 Sr28/19-20,0.0000,29-Jan-2020,27-Jul-2020,,,CARE A1+,Yes
CP,TCFSL,280420,TCFSL CP 28/04/20 Sr 68/19-20,0.0000,29-Jan-2020,28-Apr-2020,,,ICRA A1+,Yes
PT,RECL30,7.92%,REC Limited 7.92% 2030 Sr. 189,7.9200,28-Jan-2020,31-Mar-2030,31-Mar-2020,Yearly,CARE AAA,Yes
CP,GIL,280420,GIL CP 28/04/20 52/2019-2020,0.0000,29-Jan-2020,28-Apr-2020,,,ICRA A1+,Yes
CP,BHEL,290420,CP 29/04/20 BHEL CP_32  29-04,0.0000,29-Jan-2020,29-Apr-2020,,,CARE CARE A1+,Yes
CP,BHEL1,290420,CP 29/04/20 BHEL CP_31  29-04,0.0000,29-Jan-2020,29-Apr-2020,,,CARE CARE A1+,Yes
CP,NL,170420,NL CP 17/04/2020 70,0.0000,29-Jan-2020,17-Apr-2020,,,CARE A1+,Yes
CP,TMFL,290420,TMFL CP 29/04/20 Sr90&91/19-20,0.0000,29-Jan-2020,29-Apr-2020,,,CARE A1+,Yes
CP,TCHFL,280420,TCHFL CP 28/04/20 Sr. 41/19-20,0.0000,29-Jan-2020,28-Apr-2020,,,CRISIL A1+,Yes
