,,,Issues matured on 29 January 2020,,,,,
ST,Security,Issue,Issue Description,Coupon,Issue Date,Maturity Date,Rating,Listed
BP,IDBIB,RESET,IDBI OMNI BONDS RST  S -IX,9.2500,29-Jan-2010,29-Jan-2020,CRISIL AA,Yes
DB,FICC20,9.30%,FULLERTON IND 9.30%20S-30DOPII,9.3000,29-Jan-2015,29-Jan-2020,CARE AAA,Yes
DC,CFIL20A,RESET,CITICORP FN NLF 20 16/01/568T1,0.0000,29-Jan-2016,29-Jan-2020,ICRA AAA,Yes
DC,CFIL20B,RESET,CITICORP FN NLF 20 16/01/568T2,0.0000,29-Jan-2016,29-Jan-2020,ICRA AAA,Yes
DC,CFIL20C,RESET,CITICORP FN NLF 20 16/01/568T6,0.0000,29-Jan-2016,29-Jan-2020,ICRA AAA,Yes
CP,BHEL,290120,BHEL CP-29/01/2020 Sr18,0.0000,30-Oct-2019,29-Jan-2020,CARE A1+,Yes
CP,GIL,290120,GIL CP 29/01/20 Sr36/19-20,0.0000,31-Oct-2019,29-Jan-2020,ICRA A1+,Yes
CP,ABFL1,290120,ABFL CP 29/01/20 Sr 19-20/081,0.0000,31-Oct-2019,29-Jan-2020,ICRA A1+,Yes
CP,BPIL,290120,Berger Paint CP 29/01/20 Sr51,0.0000,27-Dec-2019,29-Jan-2020,CARE A1+,Yes
CP,ABHFL,290120,ABHF CP 29/01/20 Sr19-20/CP021,0.0000,31-Oct-2019,29-Jan-2020,ICRA A1+,Yes
CP,TCL,290120,TCL CP 29/01/20 Sr15/19-20,0.0000,14-Nov-2019,29-Jan-2020,CRISIL A1+,Yes
CP,LTIFCL,290120,LTIFCL CP 29/01/2020 Commercia,0.0000,10-Jan-2020,29-Jan-2020,CARE A1+,Yes
CP,SGFL,290120,SGFL CP 29/01/2020 CP-30,0.0000,31-Oct-2019,29-Jan-2020,CRISIL CRISIL A1+,Yes
CP,SFL,290120,SFL CP 29/01/20,0.0000,30-Oct-2019,29-Jan-2020,ICRA A1+,Yes
CP,LTFL,290120,LTFL CP 29/01/20 Sr. 1,0.0000,17-Jan-2020,29-Jan-2020,CARE A1+,Yes
